Data#3,PLATINUM Partner,Services Specialist - Gold,107 Mount StreetLevel 1,1300 232823,online@data3.com.au
,,Converged Infrastructure Specialist - Platinum,"North Sydney, NSW 2060",,
,,Storage Specialist - Gold,1300 232823,,
,,Services Delivery Specialist - Gold,online@data3.com.au,,
,,Hyper-converged Specialist,Visit Website,,
,,IT Management Specialist - Silver,,,
,,Sever Specialist - Gold,,,
,,Networking Specialist - Gold,,,
Data#3,PLATINUM Partner,Services Specialist - Gold,107 Mount StreetLevel 1,1300 232823,online@data3.com.au
,,Converged Infrastructure Specialist - Platinum,"North Sydney, NSW 2060",,
,,Storage Specialist - Gold,1300 232823,,
,,Services Delivery Specialist - Gold,online@data3.com.au,,
,,Hyper-converged Specialist,Visit Website,,
,,IT Management Specialist - Silver,,,
,,Sever Specialist - Gold,,,
,,Networking Specialist - Gold,,,
Data#3,PLATINUM Partner,Services Specialist - Gold,107 Mount StreetLevel 1,1300 232823,online@data3.com.au
,,Converged Infrastructure Specialist - Platinum,"North Sydney, NSW 2060",,
,,Storage Specialist - Gold,1300 232823,,
,,Services Delivery Specialist - Gold,online@data3.com.au,,
,,Hyper-converged Specialist,Visit Website,,
,,IT Management Specialist - Silver,,,
,,Sever Specialist - Gold,,,
,,Networking Specialist - Gold,,,
Data#3,PLATINUM Partner,Services Specialist - Gold,107 Mount StreetLevel 1,1300 232823,online@data3.com.au
,,Converged Infrastructure Specialist - Platinum,"North Sydney, NSW 2060",,
,,Storage Specialist - Gold,1300 232823,,
,,Services Delivery Specialist - Gold,online@data3.com.au,,
,,Hyper-converged Specialist,Visit Website,,
,,IT Management Specialist - Silver,,,
,,Sever Specialist - Gold,,,
,,Networking Specialist - Gold,,,
Data#3,PLATINUM Partner,Services Specialist - Gold,84 North TerraceLevel 1,1300 232823,online@data3.com.au
,,Converged Infrastructure Specialist - Platinum,"Kent Town, SA 5067",,
,,Storage Specialist - Gold,1300232823,,
,,Services Delivery Specialist - Gold,online@data3.com.au,,
,,Hyper-converged Specialist,Visit Website,,
,,IT Management Specialist - Silver,,,
,,Sever Specialist - Gold,,,
,,Networking Specialist - Gold,,,
Data#3,PLATINUM Partner,Services Specialist - Gold,84 North TerraceLevel 1,1300 232823,online@data3.com.au
,,Converged Infrastructure Specialist - Platinum,"Kent Town, SA 5067",,
,,Storage Specialist - Gold,1300232823,,
,,Services Delivery Specialist - Gold,online@data3.com.au,,
,,Hyper-converged Specialist,Visit Website,,
,,IT Management Specialist - Silver,,,
,,Sever Specialist - Gold,,,
,,Networking Specialist - Gold,,,
Data#3,PLATINUM Partner,Services Specialist - Gold,84 North TerraceLevel 1,1300 232823,online@data3.com.au
,,Converged Infrastructure Specialist - Platinum,"Kent Town, SA 5067",,
,,Storage Specialist - Gold,1300232823,,
,,Services Delivery Specialist - Gold,online@data3.com.au,,
,,Hyper-converged Specialist,Visit Website,,
,,IT Management Specialist - Silver,,,
,,Sever Specialist - Gold,,,
,,Networking Specialist - Gold,,,
Data#3,PLATINUM Partner,Services Specialist - Gold,84 North TerraceLevel 1,1300 232823,online@data3.com.au
,,Converged Infrastructure Specialist - Platinum,"Kent Town, SA 5067",,
,,Storage Specialist - Gold,1300232823,,
,,Services Delivery Specialist - Gold,online@data3.com.au,,
,,Hyper-converged Specialist,Visit Website,,
,,IT Management Specialist - Silver,,,
,,Sever Specialist - Gold,,,
,,Networking Specialist - Gold,,,
Data#3,PLATINUM Partner,Services Specialist - Gold,55 Southbank BoulevardLevel 4,1300 232823,online@data3.com.au
,,Converged Infrastructure Specialist - Platinum,"Southbank, VIC 3006",,
,,Storage Specialist - Gold,1300 655711,,
,,Services Delivery Specialist - Gold,sue_hartmann@data3.com.au,,
,,Hyper-converged Specialist,Visit Website,,
,,IT Management Specialist - Silver,,,
,,Sever Specialist - Gold,,,
,,Networking Specialist - Silver,,,
Data#3,PLATINUM Partner,Services Specialist - Gold,297 Pirie Street,1300 232823,online@data3.com.au
,,Converged Infrastructure Specialist - Platinum,"Adelaide, SA 5000",,
,,Storage Specialist - Gold,1300232823,,
,,Services Delivery Specialist - Gold,online@data3.com.au,,
,,Hyper-converged Specialist,Visit Website,,
,,IT Management Specialist - Silver,,,
,,Sever Specialist - Gold,,,
,,Networking Specialist - Silver,,,
Data#3,PLATINUM Partner,Services Specialist - Gold,55 Southbank BoulevardLevel 4,1300 232823,online@data3.com.au
,,Converged Infrastructure Specialist - Platinum,"Southbank, VIC 3006",,
,,Storage Specialist - Gold,1300 655711,,
,,Services Delivery Specialist - Gold,sue_hartmann@data3.com.au,,
,,Hyper-converged Specialist,Visit Website,,
,,IT Management Specialist - Silver,,,
,,Sever Specialist - Gold,,,
,,Networking Specialist - Silver,,,
Data#3,PLATINUM Partner,Services Specialist - Gold,55 Southbank BoulevardLevel 4,1300 232823,online@data3.com.au
,,Converged Infrastructure Specialist - Platinum,"Southbank, VIC 3006",,
,,Storage Specialist - Gold,1300 655711,,
,,Services Delivery Specialist - Gold,sue_hartmann@data3.com.au,,
,,Hyper-converged Specialist,Visit Website,,
,,IT Management Specialist - Silver,,,
,,Sever Specialist - Gold,,,
,,Networking Specialist - Silver,,,
Data#3,PLATINUM Partner,Services Specialist - Gold,55 Southbank BoulevardLevel 4,1300 232823,online@data3.com.au
,,Converged Infrastructure Specialist - Platinum,"Southbank, VIC 3006",,
,,Storage Specialist - Gold,1300 655711,,
,,Services Delivery Specialist - Gold,sue_hartmann@data3.com.au,,
,,Hyper-converged Specialist,Visit Website,,
,,IT Management Specialist - Silver,,,
,,Sever Specialist - Gold,,,
,,Networking Specialist - Silver,,,
Data#3,PLATINUM Partner,Services Specialist - Gold,214 Quay Street,1300 232823,online@data3.com.au
,,Converged Infrastructure Specialist - Platinum,"Rockhampton, QLD 4700",,
,,Storage Specialist - Gold,1300 655711,,
,,Services Delivery Specialist - Gold,sue_hartmann@data3.com.au,,
,,Hyper-converged Specialist,Visit Website,,
,,IT Management Specialist - Silver,,,
,,Sever Specialist - Gold,,,
,,Networking Specialist - Silver,,,
Data#3,PLATINUM Partner,Services Specialist - Gold,214 Quay Street,1300 232823,online@data3.com.au
,,Converged Infrastructure Specialist - Platinum,"Rockhampton, QLD 4700",,
,,Storage Specialist - Gold,1300 655711,,
,,Services Delivery Specialist - Gold,sue_hartmann@data3.com.au,,
,,Hyper-converged Specialist,Visit Website,,
,,IT Management Specialist - Silver,,,
,,Sever Specialist - Gold,,,
,,Networking Specialist - Silver,,,
Data#3,PLATINUM Partner,Services Specialist - Gold,214 Quay Street,1300 232823,online@data3.com.au
,,Converged Infrastructure Specialist - Platinum,"Rockhampton, QLD 4700",,
,,Storage Specialist - Gold,1300 655711,,
,,Services Delivery Specialist - Gold,sue_hartmann@data3.com.au,,
,,Hyper-converged Specialist,Visit Website,,
,,IT Management Specialist - Silver,,,
,,Sever Specialist - Gold,,,
,,Networking Specialist - Silver,,,
Data#3,PLATINUM Partner,Services Specialist - Gold,214 Quay Street,1300 232823,online@data3.com.au
,,Converged Infrastructure Specialist - Platinum,"Rockhampton, QLD 4700",,
,,Storage Specialist - Gold,1300 655711,,
,,Services Delivery Specialist - Gold,sue_hartmann@data3.com.au,,
,,Hyper-converged Specialist,Visit Website,,
,,IT Management Specialist - Silver,,,
,,Sever Specialist - Gold,,,
,,Networking Specialist - Silver,,,
Data#3,PLATINUM Partner,Services Specialist - Gold,59 Clinker Street,1300 232823,online@data3.com.au
,,Converged Infrastructure Specialist - Platinum,"Darra, QLD 4076",,
,,Storage Specialist - Gold,1300 655711,,
,,Services Delivery Specialist - Gold,sue_hartmann@data3.com.au,,
,,Hyper-converged Specialist,Visit Website,,
,,IT Management Specialist - Silver,,,
,,Sever Specialist - Gold,,,
,,Networking Specialist - Silver,,,
Data#3,PLATINUM Partner,Services Specialist - Gold,59 Clinker Street,1300 232823,online@data3.com.au
,,Converged Infrastructure Specialist - Platinum,"Darra, QLD 4076",,
,,Storage Specialist - Gold,1300 655711,,
,,Services Delivery Specialist - Gold,sue_hartmann@data3.com.au,,
,,Hyper-converged Specialist,Visit Website,,
,,IT Management Specialist - Silver,,,
,,Sever Specialist - Gold,,,
,,Networking Specialist - Silver,,,
Data#3,PLATINUM Partner,Services Specialist - Gold,59 Clinker Street,1300 232823,online@data3.com.au
,,Converged Infrastructure Specialist - Platinum,"Darra, QLD 4076",,
,,Storage Specialist - Gold,1300 655711,,
,,Services Delivery Specialist - Gold,sue_hartmann@data3.com.au,,
,,Hyper-converged Specialist,Visit Website,,
,,IT Management Specialist - Silver,,,
,,Sever Specialist - Gold,,,
,,Networking Specialist - Silver,,,
Data#3,PLATINUM Partner,Services Specialist - Gold,59 Clinker Street,1300 655711,sue_hartmann@data3.com.au
,,Converged Infrastructure Specialist - Platinum,"Darra, QLD 4076",,
,,Storage Specialist - Gold,1300 655711,,
,,Services Delivery Specialist - Gold,sue_hartmann@data3.com.au,,
,,Hyper-converged Specialist,Visit Website,,
,,IT Management Specialist - Silver,,,
,,Sever Specialist - Gold,,,
,,Networking Specialist - Silver,,,
Data#3,PLATINUM Partner,Services Specialist - Gold,35-37 Dunlop RoadLevel 15,1300 655711,sue_hartmann@data3.com.au
,,Converged Infrastructure Specialist - Platinum,"Mulgrave, VIC 3170",,
,,Storage Specialist - Gold,1300 655711,,
,,Services Delivery Specialist - Gold,sue_hartmann@data3.com.au,,
,,Hyper-converged Specialist,Visit Website,,
,,IT Management Specialist - Silver,,,
,,Sever Specialist - Gold,,,
,,Networking Specialist - Silver,,,
Data#3,PLATINUM Partner,Services Specialist - Gold,35-37 Dunlop RoadLevel 15,1300 655711,sue_hartmann@data3.com.au
,,Converged Infrastructure Specialist - Platinum,"Mulgrave, VIC 3170",,
,,Storage Specialist - Gold,1300 655711,,
,,Services Delivery Specialist - Gold,sue_hartmann@data3.com.au,,
,,Hyper-converged Specialist,Visit Website,,
,,IT Management Specialist - Silver,,,
,,Sever Specialist - Gold,,,
,,Networking Specialist - Silver,,,
Data#3,PLATINUM Partner,Services Specialist - Gold,35-37 Dunlop RoadLevel 15,1300 655711,sue_hartmann@data3.com.au
,,Converged Infrastructure Specialist - Platinum,"Mulgrave, VIC 3170",,
,,Storage Specialist - Gold,1300 655711,,
,,Services Delivery Specialist - Gold,sue_hartmann@data3.com.au,,
,,Hyper-converged Specialist,Visit Website,,
,,IT Management Specialist - Silver,,,
,,Sever Specialist - Gold,,,
,,Networking Specialist - Silver,,,
Data#3,PLATINUM Partner,Services Specialist - Gold,35-37 Dunlop RoadLevel 15,1300 655711,sue_hartmann@data3.com.au
,,Converged Infrastructure Specialist - Platinum,"Mulgrave, VIC 3170",,
,,Storage Specialist - Gold,1300 655711,,
,,Services Delivery Specialist - Gold,sue_hartmann@data3.com.au,,
,,Hyper-converged Specialist,Visit Website,,
,,IT Management Specialist - Silver,,,
,,Sever Specialist - Gold,,,
,,Networking Specialist - Silver,,,
Data#3,PLATINUM Partner,Services Specialist - Gold,297 Pirie Street,1300 655711,sue_hartmann@data3.com.au
,,Converged Infrastructure Specialist - Platinum,"Adelaide, SA 5000",,
,,Storage Specialist - Gold,1300232823,,
,,Services Delivery Specialist - Gold,online@data3.com.au,,
,,Hyper-converged Specialist,Visit Website,,
,,IT Management Specialist - Silver,,,
,,Sever Specialist - Gold,,,
,,Networking Specialist - Silver,,,
Data#3,PLATINUM Partner,Services Specialist - Gold,297 Pirie Street,1300 655711,sue_hartmann@data3.com.au
,,Converged Infrastructure Specialist - Platinum,"Adelaide, SA 5000",,
,,Storage Specialist - Gold,1300232823,,
,,Services Delivery Specialist - Gold,online@data3.com.au,,
,,Hyper-converged Specialist,Visit Website,,
,,IT Management Specialist - Silver,,,
,,Sever Specialist - Gold,,,
,,Networking Specialist - Silver,,,
Data#3,PLATINUM Partner,Services Specialist - Gold,67 High Street,1300 655711,sue_hartmann@data3.com.au
,,Converged Infrastructure Specialist - Platinum,"Toowong, QLD 4066",,
,,Storage Specialist - Gold,1300 23 28 23,,
,,Services Delivery Specialist - Gold,online@data3.com.au,,
,,Hyper-converged Specialist,Visit Website,,
,,IT Management Specialist - Silver,,,
,,Sever Specialist - Gold,,,
,,Networking Specialist - Silver,,,
Data#3,PLATINUM Partner,Services Specialist - Gold,67 High Street,1300 655711,sue_hartmann@data3.com.au
,,Converged Infrastructure Specialist - Platinum,"Toowong, QLD 4066",,
,,Storage Specialist - Gold,1300 23 28 23,,
,,Services Delivery Specialist - Gold,online@data3.com.au,,
,,Hyper-converged Specialist,Visit Website,,
,,IT Management Specialist - Silver,,,
,,Sever Specialist - Gold,,,
,,Networking Specialist - Silver,,,
Data#3,PLATINUM Partner,Services Specialist - Gold,67 High Street,1300 655711,sue_hartmann@data3.com.au
,,Converged Infrastructure Specialist - Platinum,"Toowong, QLD 4066",,
,,Storage Specialist - Gold,1300 23 28 23,,
,,Services Delivery Specialist - Gold,online@data3.com.au,,
,,Hyper-converged Specialist,Visit Website,,
,,IT Management Specialist - Silver,,,
,,Sever Specialist - Gold,,,
,,Networking Specialist - Silver,,,
Data#3,PLATINUM Partner,Services Specialist - Gold,67 High Street,1300 655711,sue_hartmann@data3.com.au
,,Converged Infrastructure Specialist - Platinum,"Toowong, QLD 4066",,
,,Storage Specialist - Gold,1300 23 28 23,,
,,Services Delivery Specialist - Gold,online@data3.com.au,,
,,Hyper-converged Specialist,Visit Website,,
,,IT Management Specialist - Silver,,,
,,Sever Specialist - Gold,,,
,,Networking Specialist - Silver,,,
Data#3,PLATINUM Partner,Services Specialist - Gold,297 Pirie Street,1300 655711,sue_hartmann@data3.com.au
,,Converged Infrastructure Specialist - Platinum,"Adelaide, SA 5000",,
,,Storage Specialist - Gold,1300232823,,
,,Services Delivery Specialist - Gold,online@data3.com.au,,
,,Hyper-converged Specialist,Visit Website,,
,,IT Management Specialist - Silver,,,
,,Sever Specialist - Gold,,,
,,Networking Specialist - Silver,,,
NTT COM ICT Solutions (Australia) Pty Ltd,PLATINUM Partner,Services Specialist - Gold,65 Park Road,1300 655711,sue_hartmann@data3.com.au
,,Storage Specialist - Gold,"Milton, QLD 4064",,
,,Services Delivery Specialist - Gold,07 35128400,,
,,IT Management Specialist - Silver,sales@nttict.com,,
,,Sever Specialist - Gold,Visit Website,,
,,Networking Specialist - Silver,,,
,,Information Governance Specialist - Silver,,,
,,Information Management Specialist - Silver,,,
NTT COM ICT Solutions (Australia) Pty Ltd,PLATINUM Partner,Services Specialist - Gold,65 Park Road,1300 655711,sue_hartmann@data3.com.au
,,Storage Specialist - Gold,"Milton, QLD 4064",,
,,Services Delivery Specialist - Gold,07 35128400,,
,,IT Management Specialist - Silver,sales@nttict.com,,
,,Sever Specialist - Gold,Visit Website,,
,,Networking Specialist - Silver,,,
,,Information Governance Specialist - Silver,,,
,,Information Management Specialist - Silver,,,
NTT COM ICT Solutions (Australia) Pty Ltd,PLATINUM Partner,Services Specialist - Gold,65 Park Road,1300 655711,sue_hartmann@data3.com.au
,,Storage Specialist - Gold,"Milton, QLD 4064",,
,,Services Delivery Specialist - Gold,07 35128400,,
,,IT Management Specialist - Silver,sales@nttict.com,,
,,Sever Specialist - Gold,Visit Website,,
,,Networking Specialist - Silver,,,
,,Information Governance Specialist - Silver,,,
,,Information Management Specialist - Silver,,,
NTT COM ICT Solutions (Australia) Pty Ltd,PLATINUM Partner,Services Specialist - Gold,65 Park Road,1300 655711,sue_hartmann@data3.com.au
,,Storage Specialist - Gold,"Milton, QLD 4064",,
,,Services Delivery Specialist - Gold,07 35128400,,
,,IT Management Specialist - Silver,sales@nttict.com,,
,,Sever Specialist - Gold,Visit Website,,
,,Networking Specialist - Silver,,,
,,Information Governance Specialist - Silver,,,
,,Information Management Specialist - Silver,,,
NTT COM ICT Solutions (Australia) Pty Ltd,PLATINUM Partner,Services Specialist - Gold,19 Barry DriveLevel 2,1300 655711,sue_hartmann@data3.com.au
,,Storage Specialist - Gold,"Turner, ACT 2612",,
,,Services Delivery Specialist - Gold,02 62293600,,
,,IT Management Specialist - Silver,sales@nttict.com,,
,,Sever Specialist - Gold,Visit Website,,
,,Networking Specialist - Silver,,,
,,Information Governance Specialist - Silver,,,
,,Information Management Specialist - Silver,,,
NTT COM ICT Solutions (Australia) Pty Ltd,PLATINUM Partner,Services Specialist - Gold,19 Barry DriveLevel 2,1300 655711,sue_hartmann@data3.com.au
,,Storage Specialist - Gold,"Turner, ACT 2612",,
,,Services Delivery Specialist - Gold,02 62293600,,
,,IT Management Specialist - Silver,sales@nttict.com,,
,,Sever Specialist - Gold,Visit Website,,
,,Networking Specialist - Silver,,,
,,Information Governance Specialist - Silver,,,
,,Information Management Specialist - Silver,,,
NTT COM ICT Solutions (Australia) Pty Ltd,PLATINUM Partner,Services Specialist - Gold,19 Barry DriveLevel 2,1300 655711,sue_hartmann@data3.com.au
,,Storage Specialist - Gold,"Turner, ACT 2612",,
,,Services Delivery Specialist - Gold,02 62293600,,
,,IT Management Specialist - Silver,sales@nttict.com,,
,,Sever Specialist - Gold,Visit Website,,
,,Networking Specialist - Silver,,,
,,Information Governance Specialist - Silver,,,
,,Information Management Specialist - Silver,,,
NTT COM ICT Solutions (Australia) Pty Ltd,PLATINUM Partner,Services Specialist - Gold,19 Barry DriveLevel 2,1300 655711,sue_hartmann@data3.com.au
,,Storage Specialist - Gold,"Turner, ACT 2612",,
,,Services Delivery Specialist - Gold,02 62293600,,
,,IT Management Specialist - Silver,sales@nttict.com,,
,,Sever Specialist - Gold,Visit Website,,
,,Networking Specialist - Silver,,,
,,Information Governance Specialist - Silver,,,
,,Information Management Specialist - Silver,,,
NEC IT Services Australia Pty Ltd,PLATINUM Partner,Services Specialist - Silver,16 Swann Crescent,02 99302000,craig.singleton@necit.com.au
,,IT Operations Specialist - Gold,"Winnellie, VIC 0820",,
,,Storage Specialist - Gold,02 99302000,,
,,Services Delivery Specialist - Silver,craig.singleton@necit.com.au,,
,,IT Management Specialist - Silver,,,
,,Networking Specialist - Silver,,,
NEC IT Services Australia Pty Ltd,PLATINUM Partner,Services Specialist - Silver,167 Eagle StreetUnit 16,02 99302000,craig.singleton@necit.com.au
,,IT Operations Specialist - Gold,"Brisbane, QLD 4000",,
,,Storage Specialist - Gold,02 99302000,,
,,Services Delivery Specialist - Silver,craig.singleton@necit.com.au,,
,,IT Management Specialist - Silver,,,
,,Networking Specialist - Silver,,,
NEC IT Services Australia Pty Ltd,PLATINUM Partner,Services Specialist - Silver,167 Eagle StreetUnit 16,02 99302000,craig.singleton@necit.com.au
,,IT Operations Specialist - Gold,"Brisbane, QLD 4000",,
,,Storage Specialist - Gold,02 99302000,,
,,Services Delivery Specialist - Silver,craig.singleton@necit.com.au,,
,,IT Management Specialist - Silver,,,
,,Networking Specialist - Silver,,,
NEC IT Services Australia Pty Ltd,PLATINUM Partner,Services Specialist - Silver,167 Eagle StreetUnit 16,02 99302000,craig.singleton@necit.com.au
,,IT Operations Specialist - Gold,"Brisbane, QLD 4000",,
,,Storage Specialist - Gold,02 99302000,,
,,Services Delivery Specialist - Silver,craig.singleton@necit.com.au,,
,,IT Management Specialist - Silver,,,
,,Networking Specialist - Silver,,,
NEC IT Services Australia Pty Ltd,PLATINUM Partner,Services Specialist - Silver,167 Eagle StreetUnit 16,02 99302000,craig.singleton@necit.com.au
,,IT Operations Specialist - Gold,"Brisbane, QLD 4000",,
,,Storage Specialist - Gold,02 99302000,,
,,Services Delivery Specialist - Silver,craig.singleton@necit.com.au,,
,,IT Management Specialist - Silver,,,
,,Networking Specialist - Silver,,,
NEC IT Services Australia Pty Ltd,PLATINUM Partner,Services Specialist - Silver,135 King StreetLevel 18A,02 99302000,craig.singleton@necit.com.au
,,IT Operations Specialist - Gold,"Sydney, NSW 2000",,
,,Storage Specialist - Gold,02 99302000,,
,,Services Delivery Specialist - Silver,craig.singleton@necit.com.au,,
,,IT Management Specialist - Silver,,,
,,Networking Specialist - Silver,,,
NEC IT Services Australia Pty Ltd,PLATINUM Partner,Services Specialist - Silver,135 King StreetLevel 18A,02 99302000,craig.singleton@necit.com.au
,,IT Operations Specialist - Gold,"Sydney, NSW 2000",,
,,Storage Specialist - Gold,02 99302000,,
,,Services Delivery Specialist - Silver,craig.singleton@necit.com.au,,
,,IT Management Specialist - Silver,,,
,,Networking Specialist - Silver,,,
NEC IT Services Australia Pty Ltd,PLATINUM Partner,Services Specialist - Silver,135 King StreetLevel 18A,02 99302000,craig.singleton@necit.com.au
,,IT Operations Specialist - Gold,"Sydney, NSW 2000",,
,,Storage Specialist - Gold,02 99302000,,
,,Services Delivery Specialist - Silver,craig.singleton@necit.com.au,,
,,IT Management Specialist - Silver,,,
,,Networking Specialist - Silver,,,
NEC IT Services Australia Pty Ltd,PLATINUM Partner,Services Specialist - Silver,135 King StreetLevel 18A,02 99302000,craig.singleton@necit.com.au
,,IT Operations Specialist - Gold,"Sydney, NSW 2000",,
,,Storage Specialist - Gold,02 99302000,,
,,Services Delivery Specialist - Silver,craig.singleton@necit.com.au,,
,,IT Management Specialist - Silver,,,
,,Networking Specialist - Silver,,,
NEC IT Services Australia Pty Ltd,PLATINUM Partner,Services Specialist - Silver,16 Swann Crescent,02 99302000,craig.singleton@necit.com.au
,,IT Operations Specialist - Gold,"Winnellie, VIC 0820",,
,,Storage Specialist - Gold,02 99302000,,
,,Services Delivery Specialist - Silver,craig.singleton@necit.com.au,,
,,IT Management Specialist - Silver,,,
,,Networking Specialist - Silver,,,
NEC IT Services Australia Pty Ltd,PLATINUM Partner,Services Specialist - Silver,16 Swann Crescent,02 99302000,craig.singleton@necit.com.au
,,IT Operations Specialist - Gold,"Winnellie, VIC 0820",,
,,Storage Specialist - Gold,02 99302000,,
,,Services Delivery Specialist - Silver,craig.singleton@necit.com.au,,
,,IT Management Specialist - Silver,,,
,,Networking Specialist - Silver,,,
NEC IT Services Australia Pty Ltd,PLATINUM Partner,Services Specialist - Silver,16 Swann Crescent,02 99302000,craig.singleton@necit.com.au
,,IT Operations Specialist - Gold,"Winnellie, VIC 0820",,
,,Storage Specialist - Gold,02 99302000,,
,,Services Delivery Specialist - Silver,craig.singleton@necit.com.au,,
,,IT Management Specialist - Silver,,,
,,Networking Specialist - Silver,,,
NEC IT Services Australia Pty Ltd,PLATINUM Partner,Services Specialist - Silver,39 Woods StreetLevel 8-9,02 99302000,craig.singleton@necit.com.au
,,IT Operations Specialist - Gold,"Darwin, VIC 0800",,
,,Storage Specialist - Silver,02 99302000,,
,,Services Delivery Specialist - Silver,craig.singleton@necit.com.au,,
,,IT Management Specialist - Silver,,,
,,Networking Specialist - Silver,,,
NEC IT Services Australia Pty Ltd,PLATINUM Partner,Services Specialist - Silver,39 Woods StreetLevel 8-9,02 99302000,craig.singleton@necit.com.au
,,IT Operations Specialist - Gold,"Darwin, VIC 0800",,
,,Storage Specialist - Silver,02 99302000,,
,,Services Delivery Specialist - Silver,craig.singleton@necit.com.au,,
,,IT Management Specialist - Silver,,,
,,Networking Specialist - Silver,,,
NEC IT Services Australia Pty Ltd,PLATINUM Partner,Services Specialist - Silver,39 Woods StreetLevel 8-9,02 99302000,craig.singleton@necit.com.au
,,IT Operations Specialist - Gold,"Darwin, VIC 0800",,
,,Storage Specialist - Silver,02 99302000,,
,,Services Delivery Specialist - Silver,craig.singleton@necit.com.au,,
,,IT Management Specialist - Silver,,,
,,Networking Specialist - Silver,,,
NEC IT Services Australia Pty Ltd,PLATINUM Partner,Services Specialist - Silver,39 Woods StreetLevel 8-9,02 99302000,craig.singleton@necit.com.au
,,IT Operations Specialist - Gold,"Darwin, VIC 0800",,
,,Storage Specialist - Silver,02 99302000,,
,,Services Delivery Specialist - Silver,craig.singleton@necit.com.au,,
,,IT Management Specialist - Silver,,,
,,Networking Specialist - Silver,,,
NEC IT Services Australia Pty Ltd,PLATINUM Partner,Services Specialist - Silver,50 Pirie StreetUnit 6,02 99302000,craig.singleton@necit.com.au
,,IT Operations Specialist - Gold,"Adelaide, SA 5000",,
,,Storage Specialist - Silver,02 99302000,,
,,Services Delivery Specialist - Silver,craig.singleton@necit.com.au,,
,,IT Management Specialist - Silver,,,
,,Networking Specialist - Silver,,,
NEC IT Services Australia Pty Ltd,PLATINUM Partner,Services Specialist - Silver,50 Pirie StreetUnit 6,02 99302000,craig.singleton@necit.com.au
,,IT Operations Specialist - Gold,"Adelaide, SA 5000",,
,,Storage Specialist - Silver,02 99302000,,
,,Services Delivery Specialist - Silver,craig.singleton@necit.com.au,,
,,IT Management Specialist - Silver,,,
,,Networking Specialist - Silver,,,
NEC IT Services Australia Pty Ltd,PLATINUM Partner,Services Specialist - Silver,50 Pirie StreetUnit 6,02 99302000,craig.singleton@necit.com.au
,,IT Operations Specialist - Gold,"Adelaide, SA 5000",,
,,Storage Specialist - Silver,02 99302000,,
,,Services Delivery Specialist - Silver,craig.singleton@necit.com.au,,
,,IT Management Specialist - Silver,,,
,,Networking Specialist - Silver,,,
NEC IT Services Australia Pty Ltd,PLATINUM Partner,Services Specialist - Silver,50 Pirie StreetUnit 6,02 99302000,craig.singleton@necit.com.au
,,IT Operations Specialist - Gold,"Adelaide, SA 5000",,
,,Storage Specialist - Silver,02 99302000,,
,,Services Delivery Specialist - Silver,craig.singleton@necit.com.au,,
,,IT Management Specialist - Silver,,,
,,Networking Specialist - Silver,,,
NEC IT Services Australia Pty Ltd and NEC IT Solutions Australia Pty Ltd,PLATINUM Partner,Services Specialist - Silver,25 A Fairbairn Ave,02 62793839,aaron.ralph@necit.com.au
,,IT Operations Specialist - Gold,"Canberra, ACT 2600",,
,,Storage Specialist - Silver,02 62793839,,
,,Services Delivery Specialist - Silver,aaron.ralph@necit.com.au,,
,,IT Management Specialist - Silver,,,
,,Networking Specialist - Silver,,,
NEC IT Services Australia Pty Ltd and NEC IT Solutions Australia Pty Ltd,PLATINUM Partner,Services Specialist - Silver,25 A Fairbairn Ave,02 62793839,aaron.ralph@necit.com.au
,,IT Operations Specialist - Gold,"Canberra, ACT 2600",,
,,Storage Specialist - Silver,02 62793839,,
,,Services Delivery Specialist - Silver,aaron.ralph@necit.com.au,,
,,IT Management Specialist - Silver,,,
,,Networking Specialist - Silver,,,
NEC IT Services Australia Pty Ltd and NEC IT Solutions Australia Pty Ltd,PLATINUM Partner,Services Specialist - Silver,25 A Fairbairn Ave,02 62793839,aaron.ralph@necit.com.au
,,IT Operations Specialist - Gold,"Canberra, ACT 2600",,
,,Storage Specialist - Silver,02 62793839,,
,,Services Delivery Specialist - Silver,aaron.ralph@necit.com.au,,
,,IT Management Specialist - Silver,,,
,,Networking Specialist - Silver,,,
NEC IT Services Australia Pty Ltd and NEC IT Solutions Australia Pty Ltd,PLATINUM Partner,Services Specialist - Silver,25 A Fairbairn Ave,02 62793839,aaron.ralph@necit.com.au
,,IT Operations Specialist - Gold,"Canberra, ACT 2600",,
,,Storage Specialist - Silver,02 62793839,,
,,Services Delivery Specialist - Silver,aaron.ralph@necit.com.au,,
,,IT Management Specialist - Silver,,,
,,Networking Specialist - Silver,,,
NEC IT Services Australia Pty Ltd,PLATINUM Partner,Services Specialist - Silver,25 Fairburn Avenue,02 62793839,aaron.ralph@necit.com.au
,,IT Operations Specialist - Gold,"Canberra, ACT 2600",,
,,Storage Specialist - Silver,02 99302000,,
,,Services Delivery Specialist - Silver,craig.singleton@necit.com.au,,
,,IT Management Specialist - Silver,,,
,,Networking Specialist - Silver,,,
NEC IT Services Australia Pty Ltd,PLATINUM Partner,Services Specialist - Silver,25 Fairburn Avenue,02 62793839,aaron.ralph@necit.com.au
,,IT Operations Specialist - Gold,"Canberra, ACT 2600",,
,,Storage Specialist - Silver,02 99302000,,
,,Services Delivery Specialist - Silver,craig.singleton@necit.com.au,,
,,IT Management Specialist - Silver,,,
,,Networking Specialist - Silver,,,
NEC IT Services Australia Pty Ltd,PLATINUM Partner,Services Specialist - Silver,25 Fairburn Avenue,02 62793839,aaron.ralph@necit.com.au
,,IT Operations Specialist - Gold,"Canberra, ACT 2600",,
,,Storage Specialist - Silver,02 99302000,,
,,Services Delivery Specialist - Silver,craig.singleton@necit.com.au,,
,,IT Management Specialist - Silver,,,
,,Networking Specialist - Silver,,,
NEC IT Services Australia Pty Ltd,PLATINUM Partner,Services Specialist - Silver,25 Fairburn Avenue,02 62793839,aaron.ralph@necit.com.au
,,IT Operations Specialist - Gold,"Canberra, ACT 2600",,
,,Storage Specialist - Silver,02 99302000,,
,,Services Delivery Specialist - Silver,craig.singleton@necit.com.au,,
,,IT Management Specialist - Silver,,,
,,Networking Specialist - Silver,,,
NEC IT Services Australia Pty Ltd,PLATINUM Partner,Services Specialist - Silver,3 A Sarich WayTechnology Park,02 62793839,aaron.ralph@necit.com.au
,,IT Operations Specialist - Gold,"Bentley, WA 6102",,
,,Storage Specialist - Silver,02 99302000,,
,,Services Delivery Specialist - Silver,craig.singleton@necit.com.au,,
,,IT Management Specialist - Silver,,,
,,Networking Specialist - Silver,,,
NEC IT Services Australia Pty Ltd,PLATINUM Partner,Services Specialist - Silver,3 A Sarich WayTechnology Park,02 62793839,aaron.ralph@necit.com.au
,,IT Operations Specialist - Gold,"Bentley, WA 6102",,
,,Storage Specialist - Silver,02 99302000,,
,,Services Delivery Specialist - Silver,craig.singleton@necit.com.au,,
,,IT Management Specialist - Silver,,,
,,Networking Specialist - Silver,,,
NEC IT Services Australia Pty Ltd,PLATINUM Partner,Services Specialist - Silver,3 A Sarich WayTechnology Park,02 62793839,aaron.ralph@necit.com.au
,,IT Operations Specialist - Gold,"Bentley, WA 6102",,
,,Storage Specialist - Silver,02 99302000,,
,,Services Delivery Specialist - Silver,craig.singleton@necit.com.au,,
,,IT Management Specialist - Silver,,,
,,Networking Specialist - Silver,,,
NEC IT Services Australia Pty Ltd,PLATINUM Partner,Services Specialist - Silver,3 A Sarich WayTechnology Park,02 62793839,aaron.ralph@necit.com.au
,,IT Operations Specialist - Gold,"Bentley, WA 6102",,
,,Storage Specialist - Silver,02 99302000,,
,,Services Delivery Specialist - Silver,craig.singleton@necit.com.au,,
,,IT Management Specialist - Silver,,,
,,Networking Specialist - Silver,,,
Datacom Systems Pty Ltd,PLATINUM Partner,Services Specialist - Silver,15 Talavera RoadLevel 5 Macquire Park,02 62793839,aaron.ralph@necit.com.au
,,Converged Infrastructure Specialist - Platinum,"North Ryde, NSW 2113",,
,,Storage Specialist - Silver,02 94606892,,
,,Hyper-converged Specialist,sales/markm@datacom.com.au,,
,,Sever Specialist - Silver,Visit Website,,
,,Networking Specialist - Silver,,,
Datacom Systems Pty Ltd,PLATINUM Partner,Services Specialist - Silver,15 Talavera RoadLevel 5 Macquire Park,02 62793839,aaron.ralph@necit.com.au
,,Converged Infrastructure Specialist - Platinum,"North Ryde, NSW 2113",,
,,Storage Specialist - Silver,02 94606892,,
,,Hyper-converged Specialist,sales/markm@datacom.com.au,,
,,Sever Specialist - Silver,Visit Website,,
,,Networking Specialist - Silver,,,
Datacom Systems Pty Ltd,PLATINUM Partner,Services Specialist - Silver,15 Talavera RoadLevel 5 Macquire Park,02 62793839,aaron.ralph@necit.com.au
,,Converged Infrastructure Specialist - Platinum,"North Ryde, NSW 2113",,
,,Storage Specialist - Silver,02 94606892,,
,,Hyper-converged Specialist,sales/markm@datacom.com.au,,
,,Sever Specialist - Silver,Visit Website,,
,,Networking Specialist - Silver,,,
Datacom Systems Pty Ltd,PLATINUM Partner,Services Specialist - Silver,15 Talavera RoadLevel 5 Macquire Park,02 62793839,aaron.ralph@necit.com.au
,,Converged Infrastructure Specialist - Platinum,"North Ryde, NSW 2113",,
,,Storage Specialist - Silver,02 94606892,,
,,Hyper-converged Specialist,sales/markm@datacom.com.au,,
,,Sever Specialist - Silver,Visit Website,,
,,Networking Specialist - Silver,,,
Triforce Australia Pty Ltd,PLATINUM Partner,Services Specialist - Silver,24-32 Lexington DriveLevel 1 A 13,02 62793839,aaron.ralph@necit.com.au
,,Storage Specialist - Gold,"Bella Vista, NSW 2153",,
,,Sever Specialist - Gold,02 96596822,,
,,Networking Specialist - Gold,sales@triforce.com.au,,
,,,Visit Website,,
Triforce Australia Pty Ltd,PLATINUM Partner,Services Specialist - Silver,24-32 Lexington DriveLevel 1 A 13,02 62793839,aaron.ralph@necit.com.au
,,Storage Specialist - Gold,"Bella Vista, NSW 2153",,
,,Sever Specialist - Gold,02 96596822,,
,,Networking Specialist - Gold,sales@triforce.com.au,,
,,,Visit Website,,
Triforce Australia Pty Ltd,PLATINUM Partner,Services Specialist - Silver,24-32 Lexington DriveLevel 1 A 13,02 62793839,aaron.ralph@necit.com.au
,,Storage Specialist - Gold,"Bella Vista, NSW 2153",,
,,Sever Specialist - Gold,02 96596822,,
,,Networking Specialist - Gold,sales@triforce.com.au,,
,,,Visit Website,,
Triforce Australia Pty Ltd,PLATINUM Partner,Services Specialist - Silver,24-32 Lexington DriveLevel 1 A 13,02 62793839,aaron.ralph@necit.com.au
,,Storage Specialist - Gold,"Bella Vista, NSW 2153",,
,,Sever Specialist - Gold,02 96596822,,
,,Networking Specialist - Gold,sales@triforce.com.au,,
,,,Visit Website,,
Fujitsu Australia,PLATINUM Partner,Services Specialist - Silver,50-60 Lloyd StreetUnits 22 & 63,02 97764555,Visit Website
,,Storage Specialist - Gold,"Kensington, VIC 3031",,
,,Sever Specialist - Gold,02 97764555,,
,,Networking Specialist - Silver,Visit Website,,
Fujitsu Australia,PLATINUM Partner,Services Specialist - Silver,50-60 Lloyd StreetUnits 22 & 63,02 97764555,Visit Website
,,Storage Specialist - Gold,"Kensington, VIC 3031",,
,,Sever Specialist - Gold,02 97764555,,
,,Networking Specialist - Silver,Visit Website,,
Fujitsu Australia,PLATINUM Partner,Services Specialist - Silver,50-60 Lloyd StreetUnits 22 & 63,02 97764555,Visit Website
,,Storage Specialist - Gold,"Kensington, VIC 3031",,
,,Sever Specialist - Gold,02 97764555,,
,,Networking Specialist - Silver,Visit Website,,
Fujitsu Australia,PLATINUM Partner,Services Specialist - Silver,50-60 Lloyd StreetUnits 22 & 63,02 97764555,Visit Website
,,Storage Specialist - Gold,"Kensington, VIC 3031",,
,,Sever Specialist - Gold,02 97764555,,
,,Networking Specialist - Silver,Visit Website,,
Fujitsu Australia Ltd,PLATINUM Partner,Services Specialist - Silver,300 Glen Osmond Road,02 97764555,Visit Website
,,Storage Specialist - Gold,"Fullarton, SA 5063",,
,,Sever Specialist - Gold,02 97764555,,
,,Networking Specialist - Silver,Visit Website,,
Fujitsu Australia Ltd,PLATINUM Partner,Services Specialist - Silver,300 Glen Osmond Road,02 97764555,Visit Website
,,Storage Specialist - Gold,"Fullarton, SA 5063",,
,,Sever Specialist - Gold,02 97764555,,
,,Networking Specialist - Silver,Visit Website,,
Fujitsu Australia Ltd,PLATINUM Partner,Services Specialist - Silver,300 Glen Osmond Road,02 97764555,Visit Website
,,Storage Specialist - Gold,"Fullarton, SA 5063",,
,,Sever Specialist - Gold,02 97764555,,
,,Networking Specialist - Silver,Visit Website,,
Fujitsu Australia Ltd,PLATINUM Partner,Services Specialist - Silver,300 Glen Osmond Road,02 97764555,Visit Website
,,Storage Specialist - Gold,"Fullarton, SA 5063",,
,,Sever Specialist - Gold,02 97764555,,
,,Networking Specialist - Silver,Visit Website,,
Fujitsu Australia,PLATINUM Partner,Services Specialist - Silver,47 Mitchell StreetLevel 3,02 97764555,Visit Website
,,Storage Specialist - Gold,"Darwin, NT 0800",,
,,Sever Specialist - Silver,02 97764555,,
,,Networking Specialist - Silver,Visit Website,,
Fujitsu Australia,PLATINUM Partner,Services Specialist - Silver,47 Mitchell StreetLevel 3,02 97764555,Visit Website
,,Storage Specialist - Gold,"Darwin, NT 0800",,
,,Sever Specialist - Silver,02 97764555,,
,,Networking Specialist - Silver,Visit Website,,
Fujitsu Australia,PLATINUM Partner,Services Specialist - Silver,47 Mitchell StreetLevel 3,02 97764555,Visit Website
,,Storage Specialist - Gold,"Darwin, NT 0800",,
,,Sever Specialist - Silver,02 97764555,,
,,Networking Specialist - Silver,Visit Website,,
Fujitsu Australia,PLATINUM Partner,Services Specialist - Silver,47 Mitchell StreetLevel 3,02 97764555,Visit Website
,,Storage Specialist - Gold,"Darwin, NT 0800",,
,,Sever Specialist - Silver,02 97764555,,
,,Networking Specialist - Silver,Visit Website,,
Fujitsu Australia,PLATINUM Partner,Services Specialist - Silver,118 Talavera Rd,02 97764555,Visit Website
,,Storage Specialist - Gold,"Macquarie Park, NSW 2113",,
,,Sever Specialist - Silver,02 97764555,,
,,Networking Specialist - Silver,Visit Website,,
Fujitsu Australia,PLATINUM Partner,Services Specialist - Silver,99 Gawler House,02 97764555,Visit Website
,,Storage Specialist - Gold,"Adelaide, SA 5000",,
,,Sever Specialist - Silver,08 83058500,,
,,Networking Specialist - Silver,Visit Website,,
Fujitsu Australia,PLATINUM Partner,Services Specialist - Silver,99 Gawler House,02 97764555,Visit Website
,,Storage Specialist - Gold,"Adelaide, SA 5000",,
,,Sever Specialist - Silver,08 83058500,,
,,Networking Specialist - Silver,Visit Website,,
Fujitsu Australia,PLATINUM Partner,Services Specialist - Silver,99 Gawler House,02 97764555,Visit Website
,,Storage Specialist - Gold,"Adelaide, SA 5000",,
,,Sever Specialist - Silver,08 83058500,,
,,Networking Specialist - Silver,Visit Website,,
Fujitsu Australia,PLATINUM Partner,Services Specialist - Silver,99 Gawler House,02 97764555,Visit Website
,,Storage Specialist - Gold,"Adelaide, SA 5000",,
,,Sever Specialist - Silver,08 83058500,,
,,Networking Specialist - Silver,Visit Website,,
Fujitsu Australia,PLATINUM Partner,Services Specialist - Silver,118 Talavera Rd,02 97764555,Visit Website
,,Storage Specialist - Gold,"Macquarie Park, NSW 2113",,
,,Sever Specialist - Silver,02 97764555,,
,,Networking Specialist - Silver,Visit Website,,
Fujitsu Australia,PLATINUM Partner,Services Specialist - Silver,118 Talavera Rd,02 97764555,Visit Website
,,Storage Specialist - Gold,"Macquarie Park, NSW 2113",,
,,Sever Specialist - Silver,02 97764555,,
,,Networking Specialist - Silver,Visit Website,,
Fujitsu Australia,PLATINUM Partner,Services Specialist - Silver,118 Talavera Rd,02 97764555,Visit Website
,,Storage Specialist - Gold,"Macquarie Park, NSW 2113",,
,,Sever Specialist - Silver,02 97764555,,
,,Networking Specialist - Silver,Visit Website,,
Computer Systems (Australia),GOLD Partner,Services Specialist - Gold,153 Walker StreetLevel 7,02 90173200,sales@compsys.com.au
,,Storage Specialist - Silver,"North Sydney, NSW 2060",,
,,Services Delivery Specialist - Gold,02 90173200,,
,,Sever Specialist - Silver,sales@compsys.com.au,,
,,Networking Specialist - Gold,Visit Website,,
Computer Systems,GOLD Partner,Services Specialist - Gold,6 Elbow StreetSuite 1,02 90173200,sales@compsys.com.au
,,Storage Specialist - Silver,"Coffs Harbour, NSW 2450",,
,,Services Delivery Specialist - Gold,02 66515495,,
,,Sever Specialist - Silver,sales@csait.com.au,,
,,Networking Specialist - Gold,Visit Website,,
Computer Systems,GOLD Partner,Services Specialist - Gold,6 Elbow StreetSuite 1,02 90173200,sales@compsys.com.au
,,Storage Specialist - Silver,"Coffs Harbour, NSW 2450",,
,,Services Delivery Specialist - Gold,02 66515495,,
,,Sever Specialist - Silver,sales@csait.com.au,,
,,Networking Specialist - Gold,Visit Website,,
Computer Systems,GOLD Partner,Services Specialist - Gold,6 Elbow StreetSuite 1,02 90173200,sales@compsys.com.au
,,Storage Specialist - Silver,"Coffs Harbour, NSW 2450",,
,,Services Delivery Specialist - Gold,02 66515495,,
,,Sever Specialist - Silver,sales@csait.com.au,,
,,Networking Specialist - Gold,Visit Website,,
Computer Systems,GOLD Partner,Services Specialist - Gold,6 Elbow StreetSuite 1,02 90173200,sales@compsys.com.au
,,Storage Specialist - Silver,"Coffs Harbour, NSW 2450",,
,,Services Delivery Specialist - Gold,02 66515495,,
,,Sever Specialist - Silver,sales@csait.com.au,,
,,Networking Specialist - Gold,Visit Website,,
Computer Systems (Australia),GOLD Partner,Services Specialist - Gold,153 Walker StreetLevel 7,02 90173200,sales@compsys.com.au
,,Storage Specialist - Silver,"North Sydney, NSW 2060",,
,,Services Delivery Specialist - Gold,02 90173200,,
,,Sever Specialist - Silver,sales@compsys.com.au,,
,,Networking Specialist - Gold,Visit Website,,
Computer Systems (Australia),GOLD Partner,Services Specialist - Gold,153 Walker StreetLevel 7,02 90173200,sales@compsys.com.au
,,Storage Specialist - Silver,"North Sydney, NSW 2060",,
,,Services Delivery Specialist - Gold,02 90173200,,
,,Sever Specialist - Silver,sales@compsys.com.au,,
,,Networking Specialist - Gold,Visit Website,,
Computer Systems (Australia),GOLD Partner,Services Specialist - Gold,153 Walker StreetLevel 7,02 90173200,sales@compsys.com.au
,,Storage Specialist - Silver,"North Sydney, NSW 2060",,
,,Services Delivery Specialist - Gold,02 90173200,,
,,Sever Specialist - Silver,sales@compsys.com.au,,
,,Networking Specialist - Gold,Visit Website,,
Gammer Consulting Pty Ltd,GOLD Partner,Services Specialist - Gold,40 City RoadLevel 22 HWT Tower,02 90173200,sales@compsys.com.au
,,Storage Specialist - Gold,"Southgate, VIC 3006",,
,,Services Delivery Specialist - Gold,1300 855 816,,
,,,john.organ@gammer.com.au,,
Gammer Consulting Pty Ltd,GOLD Partner,Services Specialist - Gold,40 City RoadLevel 22 HWT Tower,02 90173200,sales@compsys.com.au
,,Storage Specialist - Gold,"Southgate, VIC 3006",,
,,Services Delivery Specialist - Gold,1300 855 816,,
,,,john.organ@gammer.com.au,,
Gammer Consulting Pty Ltd,GOLD Partner,Services Specialist - Gold,40 City RoadLevel 22 HWT Tower,02 90173200,sales@compsys.com.au
,,Storage Specialist - Gold,"Southgate, VIC 3006",,
,,Services Delivery Specialist - Gold,1300 855 816,,
,,,john.organ@gammer.com.au,,
Gammer Consulting Pty Ltd,GOLD Partner,Services Specialist - Gold,40 City RoadLevel 22 HWT Tower,02 90173200,sales@compsys.com.au
,,Storage Specialist - Gold,"Southgate, VIC 3006",,
,,Services Delivery Specialist - Gold,1300 855 816,,
,,,john.organ@gammer.com.au,,
Area9 IT Solutions,GOLD Partner,Services Specialist - Silver,20 Catterthun Street,02 90173200,sales@compsys.com.au
,,Storage Specialist - Silver,"Winnellie, NT 0820",,
,,Sever Specialist - Silver,08 89842500,,
,,,sales@area9.com.au,,
,,,Visit Website,,
Area9 IT Solutions,GOLD Partner,Services Specialist - Silver,20 Catterthun Street,02 90173200,sales@compsys.com.au
,,Storage Specialist - Silver,"Winnellie, NT 0820",,
,,Sever Specialist - Silver,08 89842500,,
,,,sales@area9.com.au,,
,,,Visit Website,,
Area9 IT Solutions,GOLD Partner,Services Specialist - Silver,20 Catterthun Street,02 90173200,sales@compsys.com.au
,,Storage Specialist - Silver,"Winnellie, NT 0820",,
,,Sever Specialist - Silver,08 89842500,,
,,,sales@area9.com.au,,
,,,Visit Website,,
Area9 IT Solutions,GOLD Partner,Services Specialist - Silver,20 Catterthun Street,02 90173200,sales@compsys.com.au
,,Storage Specialist - Silver,"Winnellie, NT 0820",,
,,Sever Specialist - Silver,08 89842500,,
,,,sales@area9.com.au,,
,,,Visit Website,,
Ethan Group Pty Ltd,GOLD Partner,Services Specialist - Silver,99 William StreetLevel 7,02 90173200,sales@compsys.com.au
,,Storage Specialist - Silver,"Melbourne, VIC 3000",,
,,Sever Specialist - Silver,03 98637314,,
,,,aleks.garment@ethangroup.com.au,,
,,,Visit Website,,
Ethan Group Pty Ltd,GOLD Partner,Services Specialist - Silver,99 William StreetLevel 7,02 90173200,sales@compsys.com.au
,,Storage Specialist - Silver,"Melbourne, VIC 3000",,
,,Sever Specialist - Silver,03 98637314,,
,,,aleks.garment@ethangroup.com.au,,
,,,Visit Website,,
Ethan Group Pty Ltd,GOLD Partner,Services Specialist - Silver,99 William StreetLevel 7,02 90173200,sales@compsys.com.au
,,Storage Specialist - Silver,"Melbourne, VIC 3000",,
,,Sever Specialist - Silver,03 98637314,,
,,,aleks.garment@ethangroup.com.au,,
,,,Visit Website,,
Ethan Group Pty Ltd,GOLD Partner,Services Specialist - Silver,1029 Manly RoadUnit 2,02 90173200,sales@compsys.com.au
,,Storage Specialist - Silver,"Tingalpa, QLD 4173",,
,,Sever Specialist - Silver,+617 31179633,,
,,,nick.stranks@ethangroup.com.au,,
,,,Visit Website,,
Ethan Group Pty Ltd,GOLD Partner,Services Specialist - Silver,1029 Manly RoadUnit 2,+617 31179633,nick.stranks@ethangroup.com.au
,,Storage Specialist - Silver,"Tingalpa, QLD 4173",,
,,Sever Specialist - Silver,+617 31179633,,
,,,nick.stranks@ethangroup.com.au,,
,,,Visit Website,,
Ethan Group Pty Ltd,GOLD Partner,Services Specialist - Silver,1029 Manly RoadUnit 2,+617 31179633,nick.stranks@ethangroup.com.au
,,Storage Specialist - Silver,"Tingalpa, QLD 4173",,
,,Sever Specialist - Silver,+617 31179633,,
,,,nick.stranks@ethangroup.com.au,,
,,,Visit Website,,
Ethan Group Pty Ltd,GOLD Partner,Services Specialist - Silver,1029 Manly RoadUnit 2,+617 31179633,nick.stranks@ethangroup.com.au
,,Storage Specialist - Silver,"Tingalpa, QLD 4173",,
,,Sever Specialist - Silver,+617 31179633,,
,,,nick.stranks@ethangroup.com.au,,
,,,Visit Website,,
Ethan Group Pty Ltd,GOLD Partner,Services Specialist - Silver,99 William StreetLevel 7,+617 31179633,nick.stranks@ethangroup.com.au
,,Storage Specialist - Silver,"Melbourne, VIC 3000",,
,,Sever Specialist - Silver,03 98637314,,
,,,aleks.garment@ethangroup.com.au,,
,,,Visit Website,,
Ethan Group Pty Ltd,GOLD Partner,Services Specialist - Silver,2 Hardy StreetLevel 2 Suite 11,+617 31179633,nick.stranks@ethangroup.com.au
,,Storage Specialist - Silver,"South Perth, WA 6151",,
,,Sever Specialist - Silver,+618 64677247,,
,,,nick.stranks@ethangroup.com.au,,
,,,Visit Website,,
Ethan Group Pty Ltd,GOLD Partner,Services Specialist - Silver,2 Hardy StreetLevel 2 Suite 11,+617 31179633,nick.stranks@ethangroup.com.au
,,Storage Specialist - Silver,"South Perth, WA 6151",,
,,Sever Specialist - Silver,+618 64677247,,
,,,nick.stranks@ethangroup.com.au,,
,,,Visit Website,,
Ethan Group Pty Ltd,GOLD Partner,Services Specialist - Silver,2 Hardy StreetLevel 2 Suite 11,+617 31179633,nick.stranks@ethangroup.com.au
,,Storage Specialist - Silver,"South Perth, WA 6151",,
,,Sever Specialist - Silver,+618 64677247,,
,,,nick.stranks@ethangroup.com.au,,
,,,Visit Website,,
Ethan Group Pty Ltd,GOLD Partner,Services Specialist - Silver,2 Hardy StreetLevel 2 Suite 11,+617 31179633,nick.stranks@ethangroup.com.au
,,Storage Specialist - Silver,"South Perth, WA 6151",,
,,Sever Specialist - Silver,+618 64677247,,
,,,nick.stranks@ethangroup.com.au,,
,,,Visit Website,,
Daltron,GOLD Partner,Storage Specialist - Silver,Milfordhavens RoadMorobe Provincer,+617 31179633,nick.stranks@ethangroup.com.au
,,Sever Specialist - Silver,"Lae, Papua New Guinea 0000",,
,,Networking Specialist - Silver,+675 4728449,,
,,,sandieo@daltron.com.pg,,
,,,Visit Website,,
Daltron,GOLD Partner,Storage Specialist - Silver,Milfordhavens RoadMorobe Provincer,+617 31179633,nick.stranks@ethangroup.com.au
,,Sever Specialist - Silver,"Lae, Papua New Guinea 0000",,
,,Networking Specialist - Silver,+675 4728449,,
,,,sandieo@daltron.com.pg,,
,,,Visit Website,,
Daltron,GOLD Partner,Storage Specialist - Silver,Milfordhavens RoadMorobe Provincer,+617 31179633,nick.stranks@ethangroup.com.au
,,Sever Specialist - Silver,"Lae, Papua New Guinea 0000",,
,,Networking Specialist - Silver,+675 4728449,,
,,,sandieo@daltron.com.pg,,
,,,Visit Website,,
Daltron,GOLD Partner,Storage Specialist - Silver,Milfordhavens RoadMorobe Provincer,+617 31179633,nick.stranks@ethangroup.com.au
,,Sever Specialist - Silver,"Lae, Papua New Guinea 0000",,
,,Networking Specialist - Silver,+675 4728449,,
,,,sandieo@daltron.com.pg,,
,,,Visit Website,,
Area 9,GOLD Partner,Services Specialist - Silver,1053 Darwin Gpo Private Boxes,+617 31179633,nick.stranks@ethangroup.com.au
,,Storage Specialist - Silver,"Darwin, NT 0801",,
,,Sever Specialist - Silver,08 89842555,,
,,,sales@area9.com.au,,
,,,Visit Website,,
Area 9,GOLD Partner,Services Specialist - Silver,1053 Darwin Gpo Private Boxes,+617 31179633,nick.stranks@ethangroup.com.au
,,Storage Specialist - Silver,"Darwin, NT 0801",,
,,Sever Specialist - Silver,08 89842555,,
,,,sales@area9.com.au,,
,,,Visit Website,,
Area 9,GOLD Partner,Services Specialist - Silver,1053 Darwin Gpo Private Boxes,+617 31179633,nick.stranks@ethangroup.com.au
,,Storage Specialist - Silver,"Darwin, NT 0801",,
,,Sever Specialist - Silver,08 89842555,,
,,,sales@area9.com.au,,
,,,Visit Website,,
Area 9,GOLD Partner,Services Specialist - Silver,1053 Darwin Gpo Private Boxes,+617 31179633,nick.stranks@ethangroup.com.au
,,Storage Specialist - Silver,"Darwin, NT 0801",,
,,Sever Specialist - Silver,08 89842555,,
,,,sales@area9.com.au,,
,,,Visit Website,,
The Brennan IT Group Pty Ltd,GOLD Partner,Services Specialist - Silver,60 Marcus Clarke StreetLevel 11 St George Centre,+617 31179633,nick.stranks@ethangroup.com.au
,,Storage Specialist - Silver,"Canberra, ACT 2601",,
,,,02 62435152,,
,,,sales@brennanit.com.au,,
,,,Visit Website,,
The Brennan IT Group Pty Ltd,GOLD Partner,Services Specialist - Silver,60 Marcus Clarke StreetLevel 11 St George Centre,+617 31179633,nick.stranks@ethangroup.com.au
,,Storage Specialist - Silver,"Canberra, ACT 2601",,
,,,02 62435152,,
,,,sales@brennanit.com.au,,
,,,Visit Website,,
The Brennan IT Group Pty Ltd,GOLD Partner,Services Specialist - Silver,60 Marcus Clarke StreetLevel 11 St George Centre,+617 31179633,nick.stranks@ethangroup.com.au
,,Storage Specialist - Silver,"Canberra, ACT 2601",,
,,,02 62435152,,
,,,sales@brennanit.com.au,,
,,,Visit Website,,
The Brennan IT Group Pty Ltd,GOLD Partner,Services Specialist - Silver,60 Marcus Clarke StreetLevel 11 St George Centre,+617 31179633,nick.stranks@ethangroup.com.au
,,Storage Specialist - Silver,"Canberra, ACT 2601",,
,,,02 62435152,,
,,,sales@brennanit.com.au,,
,,,Visit Website,,
The Brennan IT Group Pty Ltd,GOLD Partner,Services Specialist - Silver,123 Scott StreetLevel 1,+612 82359555,bitsales@brennanit.com.au
,,Storage Specialist - Silver,"Newcastle, NSW 2300",,
,,,+612 82359555,,
,,,bitsales@brennanit.com.au,,
,,,Visit Website,,
The Brennan IT Group Pty Ltd,GOLD Partner,Services Specialist - Silver,123 Scott StreetLevel 1,+612 82359555,bitsales@brennanit.com.au
,,Storage Specialist - Silver,"Newcastle, NSW 2300",,
,,,+612 82359555,,
,,,bitsales@brennanit.com.au,,
,,,Visit Website,,
The Brennan IT Group Pty Ltd,GOLD Partner,Services Specialist - Silver,123 Scott StreetLevel 1,+612 82359555,bitsales@brennanit.com.au
,,Storage Specialist - Silver,"Newcastle, NSW 2300",,
,,,+612 82359555,,
,,,bitsales@brennanit.com.au,,
,,,Visit Website,,
The Brennan IT Group Pty Ltd,GOLD Partner,Services Specialist - Silver,123 Scott StreetLevel 1,+612 82359555,bitsales@brennanit.com.au
,,Storage Specialist - Silver,"Newcastle, NSW 2300",,
,,,+612 82359555,,
,,,bitsales@brennanit.com.au,,
,,,Visit Website,,
Vigil Tech Pty Ltd,GOLD Partner,Storage Specialist - Silver,9 Wrights Road,+612 82359555,bitsales@brennanit.com.au
,,Sever Specialist - Silver,"Drummoyne, NSW 2047",,
,,,02 80046060,,
,,,peter.robinson@bigpond.com,,
,,,Visit Website,,
Vigil Tech Pty Ltd,GOLD Partner,Storage Specialist - Silver,9 Wrights Road,+612 82359555,bitsales@brennanit.com.au
,,Sever Specialist - Silver,"Drummoyne, NSW 2047",,
,,,02 80046060,,
,,,peter.robinson@bigpond.com,,
,,,Visit Website,,
Vigil Tech Pty Ltd,GOLD Partner,Storage Specialist - Silver,9 Wrights Road,+612 82359555,bitsales@brennanit.com.au
,,Sever Specialist - Silver,"Drummoyne, NSW 2047",,
,,,02 80046060,,
,,,peter.robinson@bigpond.com,,
,,,Visit Website,,
Vigil Tech Pty Ltd,GOLD Partner,Storage Specialist - Silver,9 Wrights Road,+612 82359555,bitsales@brennanit.com.au
,,Sever Specialist - Silver,"Drummoyne, NSW 2047",,
,,,02 80046060,,
,,,peter.robinson@bigpond.com,,
,,,Visit Website,,
Data#3,GOLD Partner,Services Specialist - Gold,93 Goondoon StreetShop 3,+612 82359555,bitsales@brennanit.com.au
,,Converged Infrastructure Specialist - Platinum,"Gladstone, QLD 4680",,
,,Storage Specialist - Gold,1300 655711,,
,,Services Delivery Specialist - Gold,sue_hartmann@data3.com.au,,
,,Hyper-converged Specialist,Visit Website,,
,,IT Management Specialist - Silver,,,
,,Sever Specialist - Gold,,,
,,Networking Specialist - Silver,,,
Data#3,GOLD Partner,Services Specialist - Gold,93 Goondoon StreetShop 3,+612 82359555,bitsales@brennanit.com.au
,,Converged Infrastructure Specialist - Platinum,"Gladstone, QLD 4680",,
,,Storage Specialist - Gold,1300 655711,,
,,Services Delivery Specialist - Gold,sue_hartmann@data3.com.au,,
,,Hyper-converged Specialist,Visit Website,,
,,IT Management Specialist - Silver,,,
,,Sever Specialist - Gold,,,
,,Networking Specialist - Silver,,,
Data#3,GOLD Partner,Services Specialist - Gold,93 Goondoon StreetShop 3,+612 82359555,bitsales@brennanit.com.au
,,Converged Infrastructure Specialist - Platinum,"Gladstone, QLD 4680",,
,,Storage Specialist - Gold,1300 655711,,
,,Services Delivery Specialist - Gold,sue_hartmann@data3.com.au,,
,,Hyper-converged Specialist,Visit Website,,
,,IT Management Specialist - Silver,,,
,,Sever Specialist - Gold,,,
,,Networking Specialist - Silver,,,
Data#3,GOLD Partner,Services Specialist - Gold,93 Goondoon StreetShop 3,+612 82359555,bitsales@brennanit.com.au
,,Converged Infrastructure Specialist - Platinum,"Gladstone, QLD 4680",,
,,Storage Specialist - Gold,1300 655711,,
,,Services Delivery Specialist - Gold,sue_hartmann@data3.com.au,,
,,Hyper-converged Specialist,Visit Website,,
,,IT Management Specialist - Silver,,,
,,Sever Specialist - Gold,,,
,,Networking Specialist - Silver,,,
CDM Business Systems,GOLD Partner,Services Specialist - Silver,251-257 Scarborough Beach Road,+612 82359555,bitsales@brennanit.com.au
,,Storage Specialist - Silver,"Mount Hawthorn, WA 6016",,
,,Services Delivery Specialist - Silver,08 92024444,,
,,Sever Specialist - Gold,hpsales@cdmaust.com.au,,
,,,Visit Website,,
CDM Business Systems,GOLD Partner,Services Specialist - Silver,251-257 Scarborough Beach Road,+612 82359555,bitsales@brennanit.com.au
,,Storage Specialist - Silver,"Mount Hawthorn, WA 6016",,
,,Services Delivery Specialist - Silver,08 92024444,,
,,Sever Specialist - Gold,hpsales@cdmaust.com.au,,
,,,Visit Website,,
CDM Business Systems,GOLD Partner,Services Specialist - Silver,251-257 Scarborough Beach Road,+612 82359555,bitsales@brennanit.com.au
,,Storage Specialist - Silver,"Mount Hawthorn, WA 6016",,
,,Services Delivery Specialist - Silver,08 92024444,,
,,Sever Specialist - Gold,hpsales@cdmaust.com.au,,
,,,Visit Website,,
CDM Business Systems,GOLD Partner,Services Specialist - Silver,251-257 Scarborough Beach Road,+612 82359555,bitsales@brennanit.com.au
,,Storage Specialist - Silver,"Mount Hawthorn, WA 6016",,
,,Services Delivery Specialist - Silver,08 92024444,,
,,Sever Specialist - Gold,hpsales@cdmaust.com.au,,
,,,Visit Website,,
Adnet Technology,GOLD Partner,Storage Specialist - Silver,171 Clarence StreetLevel 10,+612 82359555,bitsales@brennanit.com.au
,,Sever Specialist - Silver,"Sydney, NSW 2000",,
,,Networking Specialist - Silver,02 89202060,,
,,,quotations@adnet-technology.com.au,,
,,,Visit Website,,
Adnet Technology,GOLD Partner,Storage Specialist - Silver,171 Clarence StreetLevel 10,+612 82359555,bitsales@brennanit.com.au
,,Sever Specialist - Silver,"Sydney, NSW 2000",,
,,Networking Specialist - Silver,02 89202060,,
,,,quotations@adnet-technology.com.au,,
,,,Visit Website,,
Adnet Technology,GOLD Partner,Storage Specialist - Silver,171 Clarence StreetLevel 10,+612 82359555,bitsales@brennanit.com.au
,,Sever Specialist - Silver,"Sydney, NSW 2000",,
,,Networking Specialist - Silver,02 89202060,,
,,,quotations@adnet-technology.com.au,,
,,,Visit Website,,
Adnet Technology,GOLD Partner,Storage Specialist - Silver,171 Clarence StreetLevel 10,+612 82359555,bitsales@brennanit.com.au
,,Sever Specialist - Silver,"Sydney, NSW 2000",,
,,Networking Specialist - Silver,02 89202060,,
,,,quotations@adnet-technology.com.au,,
,,,Visit Website,,
Computelec Pty Ltd,SILVER Partner,Storage Specialist - Silver,477 Williamstown RoadGround Floor,1300 361988,info@computelec.com.au
,,Sever Specialist - Silver,"Port Melbourne, VIC 3207",,
,,Networking Specialist - Silver,1300 361988,,
,,,info@computelec.com.au,,
,,,Visit Website,,
Computelec Pty Ltd,SILVER Partner,Storage Specialist - Silver,477 Williamstown RoadGround Floor,1300 361988,info@computelec.com.au
,,Sever Specialist - Silver,"Port Melbourne, VIC 3207",,
,,Networking Specialist - Silver,1300 361988,,
,,,info@computelec.com.au,,
,,,Visit Website,,
Computelec Pty Ltd,SILVER Partner,Storage Specialist - Silver,477 Williamstown RoadGround Floor,1300 361988,info@computelec.com.au
,,Sever Specialist - Silver,"Port Melbourne, VIC 3207",,
,,Networking Specialist - Silver,1300 361988,,
,,,info@computelec.com.au,,
,,,Visit Website,,
Computelec Pty Ltd,SILVER Partner,Storage Specialist - Silver,477 Williamstown RoadGround Floor,1300 361988,info@computelec.com.au
,,Sever Specialist - Silver,"Port Melbourne, VIC 3207",,
,,Networking Specialist - Silver,1300 361988,,
,,,info@computelec.com.au,,
,,,Visit Website,,
DATCOM,SILVER Partner,Services Specialist - Silver,1 Market StreetLevel 20,1300 361988,info@computelec.com.au
,,Storage Specialist - Silver,"Sydney, NSW 2000",,
,,Sever Specialist - Silver,02 86511111 / 04 04111000,,
,,,info@datcom.com,,
,,,Visit Website,,
DATCOM,SILVER Partner,Services Specialist - Silver,1 Market StreetLevel 20,1300 361988,info@computelec.com.au
,,Storage Specialist - Silver,"Sydney, NSW 2000",,
,,Sever Specialist - Silver,02 86511111 / 04 04111000,,
,,,info@datcom.com,,
,,,Visit Website,,
DATCOM,SILVER Partner,Services Specialist - Silver,1 Market StreetLevel 20,1300 361988,info@computelec.com.au
,,Storage Specialist - Silver,"Sydney, NSW 2000",,
,,Sever Specialist - Silver,02 86511111 / 04 04111000,,
,,,info@datcom.com,,
,,,Visit Website,,
DATCOM,SILVER Partner,Services Specialist - Silver,1 Market StreetLevel 20,1300 361988,info@computelec.com.au
,,Storage Specialist - Silver,"Sydney, NSW 2000",,
,,Sever Specialist - Silver,02 86511111 / 04 04111000,,
,,,info@datcom.com,,
,,,Visit Website,,
Downs MicroSystems Pty Ltd,SILVER Partner,Storage Specialist - Silver,17 Kitchener Street,1300 361988,info@computelec.com.au
,,Sever Specialist - Silver,"Toowoomba, QLD 4350",,
,,,07 46393344,,
,,,dms@downsmicro.com.au,,
,,,Visit Website,,
Dataflex Pty Ltd,SILVER Partner,Storage Specialist - Silver,289 Canberra AvenueUnit 2,1300 361988,info@computelec.com.au
,,Sever Specialist - Silver,"Fyshwick, ACT 2609",,
,,,02 62951999,,
,,,Visit Website,,
Dataflex Pty Ltd,SILVER Partner,Storage Specialist - Silver,289 Canberra AvenueUnit 2,1300 361988,info@computelec.com.au
,,Sever Specialist - Silver,"Fyshwick, ACT 2609",,
,,,02 62951999,,
,,,Visit Website,,
Dataflex Pty Ltd,SILVER Partner,Storage Specialist - Silver,289 Canberra AvenueUnit 2,1300 361988,info@computelec.com.au
,,Sever Specialist - Silver,"Fyshwick, ACT 2609",,
,,,02 62951999,,
,,,Visit Website,,
Dataflex Pty Ltd,SILVER Partner,Storage Specialist - Silver,289 Canberra AvenueUnit 2,1300 361988,info@computelec.com.au
,,Sever Specialist - Silver,"Fyshwick, ACT 2609",,
,,,02 62951999,,
,,,Visit Website,,
MicrotechDPS,SILVER Partner,Storage Specialist - Silver,29 Fitzmaurice Street,1300 361988,info@computelec.com.au
,,Sever Specialist - Silver,"Wagga Wagga, NSW 2680",,
,,,02 69613775,,
,,,mfranco@microtech.net.au,,
,,,Visit Website,,
MicrotechDPS,SILVER Partner,Storage Specialist - Silver,29 Fitzmaurice Street,1300 361988,info@computelec.com.au
,,Sever Specialist - Silver,"Wagga Wagga, NSW 2680",,
,,,02 69613775,,
,,,mfranco@microtech.net.au,,
,,,Visit Website,,
MicrotechDPS,SILVER Partner,Storage Specialist - Silver,29 Fitzmaurice Street,1300 361988,info@computelec.com.au
,,Sever Specialist - Silver,"Wagga Wagga, NSW 2680",,
,,,02 69613775,,
,,,mfranco@microtech.net.au,,
,,,Visit Website,,
MicrotechDPS,SILVER Partner,Storage Specialist - Silver,29 Fitzmaurice Street,1300 361988,info@computelec.com.au
,,Sever Specialist - Silver,"Wagga Wagga, NSW 2680",,
,,,02 69613775,,
,,,mfranco@microtech.net.au,,
,,,Visit Website,,
VTS IT,SILVER Partner,Storage Specialist - Silver,14 Aquatic DriveSuite 2 Level 1,1300 361988,info@computelec.com.au
,,Sever Specialist - Silver,"Frenchs Forest, NSW 2086",,
,,,+612 81973292,,
,,,Visit Website,,
VTS IT,SILVER Partner,Storage Specialist - Silver,14 Aquatic DriveSuite 2 Level 1,1300 361988,info@computelec.com.au
,,Sever Specialist - Silver,"Frenchs Forest, NSW 2086",,
,,,+612 81973292,,
,,,Visit Website,,
VTS IT,SILVER Partner,Storage Specialist - Silver,14 Aquatic DriveSuite 2 Level 1,1300 361988,info@computelec.com.au
,,Sever Specialist - Silver,"Frenchs Forest, NSW 2086",,
,,,+612 81973292,,
,,,Visit Website,,
VTS IT,SILVER Partner,Storage Specialist - Silver,14 Aquatic DriveSuite 2 Level 1,+612 81973292,Visit Website
,,Sever Specialist - Silver,"Frenchs Forest, NSW 2086",,
,,,+612 81973292,,
,,,Visit Website,,
Downs MicroSystems Pty Ltd,SILVER Partner,Storage Specialist - Silver,17 Kitchener Street,+612 81973292,Visit Website
,,Sever Specialist - Silver,"Toowoomba, QLD 4350",,
,,,07 46393344,,
,,,dms@downsmicro.com.au,,
,,,Visit Website,,
Downs MicroSystems Pty Ltd,SILVER Partner,Storage Specialist - Silver,17 Kitchener Street,+612 81973292,Visit Website
,,Sever Specialist - Silver,"Toowoomba, QLD 4350",,
,,,07 46393344,,
,,,dms@downsmicro.com.au,,
,,,Visit Website,,
Downs MicroSystems Pty Ltd,SILVER Partner,Storage Specialist - Silver,17 Kitchener Street,+612 81973292,Visit Website
,,Sever Specialist - Silver,"Toowoomba, QLD 4350",,
,,,07 46393344,,
,,,dms@downsmicro.com.au,,
,,,Visit Website,,
Microtech (Aust) Pty Ltd,SILVER Partner,Storage Specialist - Silver,453 Swift Street,+612 81973292,Visit Website
,,Sever Specialist - Silver,"Albury, NSW 2640",,
,,,02 60414070,,
,,,sales@microtech.net.au,,
,,,Visit Website,,
Microtech (Aust) Pty Ltd,SILVER Partner,Storage Specialist - Silver,453 Swift Street,+612 81973292,Visit Website
,,Sever Specialist - Silver,"Albury, NSW 2640",,
,,,02 60414070,,
,,,sales@microtech.net.au,,
,,,Visit Website,,
Microtech (Aust) Pty Ltd,SILVER Partner,Storage Specialist - Silver,453 Swift Street,+612 81973292,Visit Website
,,Sever Specialist - Silver,"Albury, NSW 2640",,
,,,02 60414070,,
,,,sales@microtech.net.au,,
,,,Visit Website,,
Microtech (Aust) Pty Ltd,SILVER Partner,Storage Specialist - Silver,453 Swift Street,+612 81973292,Visit Website
,,Sever Specialist - Silver,"Albury, NSW 2640",,
,,,02 60414070,,
,,,sales@microtech.net.au,,
,,,Visit Website,,
NTT COM ICT Solutions (Australia) Pty Ltd,SILVER Partner,Services Specialist - Gold,20 Business Park Drive,+612 81973292,Visit Website
,,Storage Specialist - Gold,"Notting Hill, VIC 3168",,
,,Services Delivery Specialist - Gold,03 85453000,,
,,IT Management Specialist - Silver,sales@nttict.com,,
,,Sever Specialist - Gold,Visit Website,,
,,Networking Specialist - Silver,,,
,,Information Governance Specialist - Silver,,,
,,Information Management Specialist - Silver,,,
NTT COM ICT Solutions (Australia) Pty Ltd,SILVER Partner,Services Specialist - Gold,20 Business Park Drive,+612 81973292,Visit Website
,,Storage Specialist - Gold,"Notting Hill, VIC 3168",,
,,Services Delivery Specialist - Gold,03 85453000,,
,,IT Management Specialist - Silver,sales@nttict.com,,
,,Sever Specialist - Gold,Visit Website,,
,,Networking Specialist - Silver,,,
,,Information Governance Specialist - Silver,,,
,,Information Management Specialist - Silver,,,
NTT COM ICT Solutions (Australia) Pty Ltd,SILVER Partner,Services Specialist - Gold,20 Business Park Drive,+612 81973292,Visit Website
,,Storage Specialist - Gold,"Notting Hill, VIC 3168",,
,,Services Delivery Specialist - Gold,03 85453000,,
,,IT Management Specialist - Silver,sales@nttict.com,,
,,Sever Specialist - Gold,Visit Website,,
,,Networking Specialist - Silver,,,
,,Information Governance Specialist - Silver,,,
,,Information Management Specialist - Silver,,,
NTT COM ICT Solutions (Australia) Pty Ltd,SILVER Partner,Services Specialist - Gold,20 Business Park Drive,+612 81973292,Visit Website
,,Storage Specialist - Gold,"Notting Hill, VIC 3168",,
,,Services Delivery Specialist - Gold,03 85453000,,
,,IT Management Specialist - Silver,sales@nttict.com,,
,,Sever Specialist - Gold,Visit Website,,
,,Networking Specialist - Silver,,,
,,Information Governance Specialist - Silver,,,
,,Information Management Specialist - Silver,,,
Datacom Systems Pty Ltd,SILVER Partner,Services Specialist - Silver,264-278 Woolcock StreetUnit 3,+612 81973292,Visit Website
,,Converged Infrastructure Specialist - Platinum,"Townsvile, QLD 4812",,
,,Storage Specialist - Silver,+07 38428888,,
,,Hyper-converged Specialist,sales@datacom.com.au,,
,,Sever Specialist - Silver,Visit Website,,
,,Networking Specialist - Gold,,,
Fujitsu Australia,SILVER Partner,Services Specialist - Silver,191 St Georges TerraceLevel 15 Parmelia House,+612 81973292,Visit Website
,,Storage Specialist - Gold,"Perth, WA 6000",,
,,Sever Specialist - Gold,+61 89 2125062,,
,,Networking Specialist - Silver,Visit Website,,
Fujitsu Australia,SILVER Partner,Services Specialist - Silver,191 St Georges TerraceLevel 15 Parmelia House,+612 81973292,Visit Website
,,Storage Specialist - Gold,"Perth, WA 6000",,
,,Sever Specialist - Gold,+61 89 2125062,,
,,Networking Specialist - Silver,Visit Website,,
Fujitsu Australia,SILVER Partner,Services Specialist - Silver,191 St Georges TerraceLevel 15 Parmelia House,+612 81973292,Visit Website
,,Storage Specialist - Gold,"Perth, WA 6000",,
,,Sever Specialist - Gold,+61 89 2125062,,
,,Networking Specialist - Silver,Visit Website,,
Fujitsu Australia,SILVER Partner,Services Specialist - Silver,191 St Georges TerraceLevel 15 Parmelia House,+612 81973292,Visit Website
,,Storage Specialist - Gold,"Perth, WA 6000",,
,,Sever Specialist - Gold,+61 89 2125062,,
,,Networking Specialist - Silver,Visit Website,,
Fujitsu Australia,SILVER Partner,Services Specialist - Silver,825 Bourke Street,+612 81973292,Visit Website
,,Storage Specialist - Gold,"Docklands, VIC 3008",,
,,Sever Specialist - Gold,03 99243000,,
,,Networking Specialist - Silver,Visit Website,,
Fujitsu Australia,SILVER Partner,Services Specialist - Silver,825 Bourke Street,+612 81973292,Visit Website
,,Storage Specialist - Gold,"Docklands, VIC 3008",,
,,Sever Specialist - Gold,03 99243000,,
,,Networking Specialist - Silver,Visit Website,,
Fujitsu Australia,SILVER Partner,Services Specialist - Silver,825 Bourke Street,+612 81973292,Visit Website
,,Storage Specialist - Gold,"Docklands, VIC 3008",,
,,Sever Specialist - Gold,03 99243000,,
,,Networking Specialist - Silver,Visit Website,,
Fujitsu Australia,BUSINESS Partner,Services Specialist - Silver,825 Bourke Street,03 99243000,Visit Website
,,Storage Specialist - Gold,"Docklands, VIC 3008",,
,,Sever Specialist - Gold,03 99243000,,
,,Networking Specialist - Silver,Visit Website,,
Fujitsu Australia,BUSINESS Partner,Services Specialist - Silver,15 Blue StreetLevel 16,03 99243000,Visit Website
,,Storage Specialist - Silver,"North Sydney, NSW 2060",,
,,Sever Specialist - Gold,02 91139200,,
,,Networking Specialist - Silver,emma.elsworthy@atosorigin.com,,
,,,Visit Website,,
Fujitsu Australia,BUSINESS Partner,Services Specialist - Silver,15 Blue StreetLevel 16,03 99243000,Visit Website
,,Storage Specialist - Silver,"North Sydney, NSW 2060",,
,,Sever Specialist - Gold,02 91139200,,
,,Networking Specialist - Silver,emma.elsworthy@atosorigin.com,,
,,,Visit Website,,
Fujitsu Australia,BUSINESS Partner,Services Specialist - Silver,15 Blue StreetLevel 16,03 99243000,Visit Website
,,Storage Specialist - Silver,"North Sydney, NSW 2060",,
,,Sever Specialist - Gold,02 91139200,,
,,Networking Specialist - Silver,emma.elsworthy@atosorigin.com,,
,,,Visit Website,,
Fujitsu Australia,BUSINESS Partner,Services Specialist - Silver,15 Blue StreetLevel 16,03 99243000,Visit Website
,,Storage Specialist - Silver,"North Sydney, NSW 2060",,
,,Sever Specialist - Gold,02 91139200,,
,,Networking Specialist - Silver,emma.elsworthy@atosorigin.com,,
,,,Visit Website,,
Fujitsu Australia,BUSINESS Partner,Services Specialist - Silver,1 Breakfast Creek Road,03 99243000,Visit Website
,,Storage Specialist - Gold,"Newstead, QLD 4006",,
,,Sever Specialist - Silver,07 31193200,,
,,Networking Specialist - Silver,Visit Website,,
Fujitsu Australia,BUSINESS Partner,Services Specialist - Silver,1 Breakfast Creek Road,03 99243000,Visit Website
,,Storage Specialist - Gold,"Newstead, QLD 4006",,
,,Sever Specialist - Silver,07 31193200,,
,,Networking Specialist - Silver,Visit Website,,
Fujitsu Australia,BUSINESS Partner,Services Specialist - Silver,1 Breakfast Creek Road,03 99243000,Visit Website
,,Storage Specialist - Gold,"Newstead, QLD 4006",,
,,Sever Specialist - Silver,07 31193200,,
,,Networking Specialist - Silver,Visit Website,,
Fujitsu Australia,BUSINESS Partner,Services Specialist - Silver,1 Breakfast Creek Road,03 99243000,Visit Website
,,Storage Specialist - Gold,"Newstead, QLD 4006",,
,,Sever Specialist - Silver,07 31193200,,
,,Networking Specialist - Silver,Visit Website,,
Accucom Systems Integration Pty Ltd,BUSINESS Partner,Services Specialist - Silver,11 Brookhollow AvenueUnit 25 Norwest Business Park,03 99243000,Visit Website
,,Storage Specialist - Silver,"Baulkham Hills, NSW 2153",,
,,Sever Specialist - Silver,02 88255555,,
,,Networking Specialist - Silver,lsarkis@accucom.com.au,,
,,,Visit Website,,
Accucom Systems Integration Pty Ltd,BUSINESS Partner,Services Specialist - Silver,11 Brookhollow AvenueUnit 25 Norwest Business Park,03 99243000,Visit Website
,,Storage Specialist - Silver,"Baulkham Hills, NSW 2153",,
,,Sever Specialist - Silver,02 88255555,,
,,Networking Specialist - Silver,lsarkis@accucom.com.au,,
,,,Visit Website,,
Accucom Systems Integration Pty Ltd,BUSINESS Partner,Services Specialist - Silver,11 Brookhollow AvenueUnit 25 Norwest Business Park,03 99243000,Visit Website
,,Storage Specialist - Silver,"Baulkham Hills, NSW 2153",,
,,Sever Specialist - Silver,02 88255555,,
,,Networking Specialist - Silver,lsarkis@accucom.com.au,,
,,,Visit Website,,
Accucom Systems Integration Pty Ltd,BUSINESS Partner,Services Specialist - Silver,11 Brookhollow AvenueUnit 25 Norwest Business Park,03 99243000,Visit Website
,,Storage Specialist - Silver,"Baulkham Hills, NSW 2153",,
,,Sever Specialist - Silver,02 88255555,,
,,Networking Specialist - Silver,lsarkis@accucom.com.au,,
,,,Visit Website,,
Fujitsu Australia,BUSINESS Partner,Services Specialist - Silver,19-25 Moore Street,03 99243000,Visit Website
,,Storage Specialist - Silver,"Turner, ACT 2612",,
,,Sever Specialist - Silver,02 62126600,,
,,Networking Specialist - Silver,Visit Website,,
Fujitsu Australia,BUSINESS Partner,Services Specialist - Silver,19-25 Moore Street,03 99243000,Visit Website
,,Storage Specialist - Silver,"Turner, ACT 2612",,
,,Sever Specialist - Silver,02 62126600,,
,,Networking Specialist - Silver,Visit Website,,
Fujitsu Australia,BUSINESS Partner,Services Specialist - Silver,19-25 Moore Street,03 99243000,Visit Website
,,Storage Specialist - Silver,"Turner, ACT 2612",,
,,Sever Specialist - Silver,02 62126600,,
,,Networking Specialist - Silver,Visit Website,,
Fujitsu Australia,BUSINESS Partner,Services Specialist - Silver,19-25 Moore Street,03 99243000,Visit Website
,,Storage Specialist - Silver,"Turner, ACT 2612",,
,,Sever Specialist - Silver,02 62126600,,
,,Networking Specialist - Silver,Visit Website,,
Gammer Consulting Pty Ltd,BUSINESS Partner,Services Specialist - Gold,127 Creek StreetLevel 7,03 99243000,Visit Website
,,Storage Specialist - Silver,"Brisbane, QLD 4000",,
,,Services Delivery Specialist - Gold,1300 855 816,,
,,,james.millican@gammer.com.au,,
Gammer Consulting Pty Ltd,BUSINESS Partner,Services Specialist - Gold,127 Creek StreetLevel 7,03 99243000,Visit Website
,,Storage Specialist - Silver,"Brisbane, QLD 4000",,
,,Services Delivery Specialist - Gold,1300 855 816,,
,,,james.millican@gammer.com.au,,
Gammer Consulting Pty Ltd,BUSINESS Partner,Services Specialist - Gold,127 Creek StreetLevel 7,03 99243000,Visit Website
,,Storage Specialist - Silver,"Brisbane, QLD 4000",,
,,Services Delivery Specialist - Gold,1300 855 816,,
,,,james.millican@gammer.com.au,,
Gammer Consulting Pty Ltd,BUSINESS Partner,Services Specialist - Gold,127 Creek StreetLevel 7,1300 855 816,james.millican@gammer.com.au
,,Storage Specialist - Silver,"Brisbane, QLD 4000",,
,,Services Delivery Specialist - Gold,1300 855 816,,
,,,james.millican@gammer.com.au,,
Atos Origin Australia Pty ltd,BUSINESS Partner,Services Specialist - Silver,3-5 Summit Road,1300 855 816,james.millican@gammer.com.au
,,Storage Specialist - Silver,"Noble Park, VIC 3174",,
,,Sever Specialist - Silver,03 87915000,,
,,Networking Specialist - Silver,Visit Website,,
Atos Origin Australia Pty ltd,BUSINESS Partner,Services Specialist - Silver,3-5 Summit Road,1300 855 816,james.millican@gammer.com.au
,,Storage Specialist - Silver,"Noble Park, VIC 3174",,
,,Sever Specialist - Silver,03 87915000,,
,,Networking Specialist - Silver,Visit Website,,
Atos Origin Australia Pty ltd,BUSINESS Partner,Services Specialist - Silver,3-5 Summit Road,1300 855 816,james.millican@gammer.com.au
,,Storage Specialist - Silver,"Noble Park, VIC 3174",,
,,Sever Specialist - Silver,03 87915000,,
,,Networking Specialist - Silver,Visit Website,,
Atos Origin Australia Pty ltd,BUSINESS Partner,Services Specialist - Silver,3-5 Summit Road,1300 855 816,james.millican@gammer.com.au
,,Storage Specialist - Silver,"Noble Park, VIC 3174",,
,,Sever Specialist - Silver,03 87915000,,
,,Networking Specialist - Silver,Visit Website,,
Fujitsu Australia Ltd,BUSINESS Partner,Services Specialist - Silver,3-29 Birnie AvenueUnits A2&A3,1300 855 816,james.millican@gammer.com.au
,,Storage Specialist - Silver,"Lidcombe, NSW 2141",,
,,Sever Specialist - Silver,02 97764555,,
,,Networking Specialist - Silver,Visit Website,,
Fujitsu Australia Ltd,BUSINESS Partner,Services Specialist - Silver,3-29 Birnie AvenueUnits A2&A3,1300 855 816,james.millican@gammer.com.au
,,Storage Specialist - Silver,"Lidcombe, NSW 2141",,
,,Sever Specialist - Silver,02 97764555,,
,,Networking Specialist - Silver,Visit Website,,
Fujitsu Australia Ltd,BUSINESS Partner,Services Specialist - Silver,3-29 Birnie AvenueUnits A2&A3,1300 855 816,james.millican@gammer.com.au
,,Storage Specialist - Silver,"Lidcombe, NSW 2141",,
,,Sever Specialist - Silver,02 97764555,,
,,Networking Specialist - Silver,Visit Website,,
Fujitsu Australia Ltd,BUSINESS Partner,Services Specialist - Silver,3-29 Birnie AvenueUnits A2&A3,1300 855 816,james.millican@gammer.com.au
,,Storage Specialist - Silver,"Lidcombe, NSW 2141",,
,,Sever Specialist - Silver,02 97764555,,
,,Networking Specialist - Silver,Visit Website,,
Metropolitan Computers and Supplies,BUSINESS Partner,Services Specialist - Silver,159 Arthur SteetUnit 28,1300 855 816,james.millican@gammer.com.au
,,Storage Specialist - Silver,"Homebush West, NSW 2140",,
,,Sever Specialist - Silver,02 97632755,,
,,,tcascio@metrocomputers.com.au,,
,,,Visit Website,,
The Brennan IT Group Pty Ltd,BUSINESS Partner,Services Specialist - Silver,172 St Georges TerraceLevel 7,1300 855 816,james.millican@gammer.com.au
,,Storage Specialist - Gold,"Perth, WA 6000",,
,,,08 92782767,,
,,,sales@brennanit.com.au,,
,,,Visit Website,,
The Brennan IT Group Pty Ltd,BUSINESS Partner,Services Specialist - Silver,172 St Georges TerraceLevel 7,1300 855 816,james.millican@gammer.com.au
,,Storage Specialist - Gold,"Perth, WA 6000",,
,,,08 92782767,,
,,,sales@brennanit.com.au,,
,,,Visit Website,,
The Brennan IT Group Pty Ltd,BUSINESS Partner,Services Specialist - Silver,172 St Georges TerraceLevel 7,1300 855 816,james.millican@gammer.com.au
,,Storage Specialist - Gold,"Perth, WA 6000",,
,,,08 92782767,,
,,,sales@brennanit.com.au,,
,,,Visit Website,,
The Brennan IT Group Pty Ltd,BUSINESS Partner,Services Specialist - Silver,172 St Georges TerraceLevel 7,1300 855 816,james.millican@gammer.com.au
,,Storage Specialist - Gold,"Perth, WA 6000",,
,,,08 92782767,,
,,,sales@brennanit.com.au,,
,,,Visit Website,,
The Brennan IT Group Pty Ltd,BUSINESS Partner,Services Specialist - Silver,115 Grenfell StreetLevel 8,1300 855 816,james.millican@gammer.com.au
,,Storage Specialist - Gold,"Adelaide, SA 5000",,
,,,08 82129279,,
,,,sales@brennanit.com.au,,
,,,Visit Website,,
The Brennan IT Group Pty Ltd,BUSINESS Partner,Services Specialist - Silver,115 Grenfell StreetLevel 8,1300 855 816,james.millican@gammer.com.au
,,Storage Specialist - Gold,"Adelaide, SA 5000",,
,,,08 82129279,,
,,,sales@brennanit.com.au,,
,,,Visit Website,,
The Brennan IT Group Pty Ltd,BUSINESS Partner,Services Specialist - Silver,115 Grenfell StreetLevel 8,1300 855 816,james.millican@gammer.com.au
,,Storage Specialist - Gold,"Adelaide, SA 5000",,
,,,08 82129279,,
,,,sales@brennanit.com.au,,
,,,Visit Website,,
The Brennan IT Group Pty Ltd,BUSINESS Partner,Services Specialist - Silver,115 Grenfell StreetLevel 8,1300 855 816,james.millican@gammer.com.au
,,Storage Specialist - Gold,"Adelaide, SA 5000",,
,,,08 82129279,,
,,,sales@brennanit.com.au,,
,,,Visit Website,,
The Brennan IT Group Pty Ltd,BUSINESS Partner,Services Specialist - Silver,517 Flinders LaneLevel 3,1300 855 816,james.millican@gammer.com.au
,,Storage Specialist - Gold,"Melbourne, VIC 3000",,
,,,03 96211556,,
,,,sales@brennanit.com.au,,
,,,Visit Website,,
The Brennan IT Group Pty Ltd,BUSINESS Partner,Services Specialist - Silver,517 Flinders LaneLevel 3,1300 855 816,james.millican@gammer.com.au
,,Storage Specialist - Gold,"Melbourne, VIC 3000",,
,,,03 96211556,,
,,,sales@brennanit.com.au,,
,,,Visit Website,,
The Brennan IT Group Pty Ltd,BUSINESS Partner,Services Specialist - Silver,517 Flinders LaneLevel 3,03 96211556,sales@brennanit.com.au
,,Storage Specialist - Gold,"Melbourne, VIC 3000",,
,,,03 96211556,,
,,,sales@brennanit.com.au,,
,,,Visit Website,,
The Brennan IT Group Pty Ltd,BUSINESS Partner,Services Specialist - Silver,517 Flinders LaneLevel 3,03 96211556,sales@brennanit.com.au
,,Storage Specialist - Gold,"Melbourne, VIC 3000",,
,,,03 96211556,,
,,,sales@brennanit.com.au,,
,,,Visit Website,,
The Brennan IT Group Pty Ltd,BUSINESS Partner,Services Specialist - Silver,45 Clarence StreetLevel 14,03 96211556,sales@brennanit.com.au
,,Storage Specialist - Silver,"Sydney, NSW 2000",,
,,,02 82359595,,
,,,bitsales@brennanit.com.au,,
,,,Visit Website,,
The Brennan IT Group Pty Ltd,BUSINESS Partner,Services Specialist - Silver,45 Clarence StreetLevel 14,03 96211556,sales@brennanit.com.au
,,Storage Specialist - Silver,"Sydney, NSW 2000",,
,,,02 82359595,,
,,,bitsales@brennanit.com.au,,
,,,Visit Website,,
The Brennan IT Group Pty Ltd,BUSINESS Partner,Services Specialist - Silver,45 Clarence StreetLevel 14,03 96211556,sales@brennanit.com.au
,,Storage Specialist - Silver,"Sydney, NSW 2000",,
,,,02 82359595,,
,,,bitsales@brennanit.com.au,,
,,,Visit Website,,
The Brennan IT Group Pty Ltd,BUSINESS Partner,Services Specialist - Silver,45 Clarence StreetLevel 14,03 96211556,sales@brennanit.com.au
,,Storage Specialist - Silver,"Sydney, NSW 2000",,
,,,02 82359595,,
,,,bitsales@brennanit.com.au,,
,,,Visit Website,,
The Brennan IT Group Pty Ltd,BUSINESS Partner,Services Specialist - Silver,320 Adelaide StreetSuite 23 Level 5,03 96211556,sales@brennanit.com.au
,,Storage Specialist - Silver,"Brisbane, QLD 4000",,
,,,1300797719,,
,,,sales@brennanit.com.au,,
,,,Visit Website,,
The Brennan IT Group Pty Ltd,BUSINESS Partner,Services Specialist - Silver,320 Adelaide StreetSuite 23 Level 5,03 96211556,sales@brennanit.com.au
,,Storage Specialist - Silver,"Brisbane, QLD 4000",,
,,,1300797719,,
,,,sales@brennanit.com.au,,
,,,Visit Website,,
The Brennan IT Group Pty Ltd,BUSINESS Partner,Services Specialist - Silver,320 Adelaide StreetSuite 23 Level 5,03 96211556,sales@brennanit.com.au
,,Storage Specialist - Silver,"Brisbane, QLD 4000",,
,,,1300797719,,
,,,sales@brennanit.com.au,,
,,,Visit Website,,
The Brennan IT Group Pty Ltd,BUSINESS Partner,Services Specialist - Silver,320 Adelaide StreetSuite 23 Level 5,03 96211556,sales@brennanit.com.au
,,Storage Specialist - Silver,"Brisbane, QLD 4000",,
,,,1300797719,,
,,,sales@brennanit.com.au,,
,,,Visit Website,,
