Berca Cakra Puri Indah,PLATINUM Partner,Services Specialist - Gold,Ruko Sentra NiagaPuri Indah Blok T1 No 20,"(021)3800902,3455880",customer_care@berca.co.id/bintoro.yuwono@berca.co.
,,Converged Infrastructure Specialist - Platinum,"Jakarta, Spec Reg Jakarta 11610",,
,,Storage Specialist - Gold,"(021)3800902,3455880",,
,,Services Delivery Specialist - Gold,customer_care@berca.co.id/bintoro.yuwono@berca.co.,,
,,Hyper-converged Specialist,Visit Website,,
,,Big Data Platform Specialist - Silver,,,
,,Sever Specialist - Gold,,,
,,Networking Specialist - Gold,,,
Berca Cakra Puri Indah,PLATINUM Partner,Services Specialist - Gold,Ruko Sentra NiagaPuri Indah Blok T1 No 20,"(021)3800902,3455880",customer_care@berca.co.id/bintoro.yuwono@berca.co.
,,Converged Infrastructure Specialist - Platinum,"Jakarta, Spec Reg Jakarta 11610",,
,,Storage Specialist - Gold,"(021)3800902,3455880",,
,,Services Delivery Specialist - Gold,customer_care@berca.co.id/bintoro.yuwono@berca.co.,,
,,Hyper-converged Specialist,Visit Website,,
,,Big Data Platform Specialist - Silver,,,
,,Sever Specialist - Gold,,,
,,Networking Specialist - Gold,,,
Berca Hardaya Perkasa-Jasatel,PLATINUM Partner,Services Specialist - Gold,Cyber Building Lt.IJl.Kuningan Barat No.8,"(021)3800902,3455880",customer_care@berca.co.id/bintoro.yuwono@berca.co.
,,Converged Infrastructure Specialist - Platinum,"Jakarta, Spec Reg Jakarta 12710",,
,,Storage Specialist - Gold,+62-21-5208987,,
,,Services Delivery Specialist - Gold,customer_care@berca.co.id/bintoro.yuwono@berca.co.,,
,,Hyper-converged Specialist,Visit Website,,
,,Big Data Platform Specialist - Silver,,,
,,Sever Specialist - Gold,,,
,,Networking Specialist - Gold,,,
"Berca Cakra Teknologi, PT",PLATINUM Partner,Services Specialist - Gold,Tanagamas BuildingJl. Tanah Abang III no. 19H,"(021)3800902,3455880",customer_care@berca.co.id/bintoro.yuwono@berca.co.
,,Converged Infrastructure Specialist - Platinum,"Jakarta, Spec Reg Jakarta 10150",,
,,Storage Specialist - Gold,+62-21-2316352,,
,,Services Delivery Specialist - Gold,customer_care@berca.co.id/bintoro.yuwono@berca.co.,,
,,Hyper-converged Specialist,Visit Website,,
,,Big Data Platform Specialist - Silver,,,
,,Sever Specialist - Gold,,,
,,Networking Specialist - Gold,,,
Berca Indonesia Service,PLATINUM Partner,Services Specialist - Gold,"Komp.Balikpapan Baru, Blk AA5/16-17Jl.MT.Haryono","(021)3800902,3455880",customer_care@berca.co.id/bintoro.yuwono@berca.co.
,,Converged Infrastructure Specialist - Platinum,"Balikpapan, East Kalimantan 76114",,
,,Storage Specialist - Gold,+62-542-878272,,
,,Services Delivery Specialist - Gold,customer_care@berca.co.id/bintoro.yuwono@berca.co.,,
,,Hyper-converged Specialist,Visit Website,,
,,Big Data Platform Specialist - Silver,,,
,,Sever Specialist - Gold,,,
,,Networking Specialist - Gold,,,
Berca Computel,PLATINUM Partner,Services Specialist - Gold,Komp.Balikpapan Permai Blk J2/14Jl.Jend Sudirman,"(021)3800902,3455880",customer_care@berca.co.id/bintoro.yuwono@berca.co.
,,Converged Infrastructure Specialist - Platinum,"Balikpapan, East Kalimantan 76114",,
,,Storage Specialist - Gold,+62-542-411726,,
,,Services Delivery Specialist - Gold,customer_care@berca.co.id/bintoro.yuwono@berca.co.,,
,,Hyper-converged Specialist,Visit Website,,
,,Big Data Platform Specialist - Silver,,,
,,Sever Specialist - Gold,,,
,,Networking Specialist - Gold,,,
Berca Hardaya Perkasa-Jasatel,PLATINUM Partner,Services Specialist - Gold,Cyber Building Lt.IJl.Kuningan Barat No.8,"(021)3800902,3455880",customer_care@berca.co.id/bintoro.yuwono@berca.co.
,,Converged Infrastructure Specialist - Platinum,"Jakarta, Spec Reg Jakarta 12710",,
,,Storage Specialist - Gold,+62-21-5208987,,
,,Services Delivery Specialist - Gold,customer_care@berca.co.id/bintoro.yuwono@berca.co.,,
,,Hyper-converged Specialist,Visit Website,,
,,Big Data Platform Specialist - Silver,,,
,,Sever Specialist - Gold,,,
,,Networking Specialist - Gold,,,
"Berca Cakra Teknologi, PT",PLATINUM Partner,Services Specialist - Gold,Tanagamas BuildingJl. Tanah Abang III no. 19H,"(021)3800902,3455880",customer_care@berca.co.id/bintoro.yuwono@berca.co.
,,Converged Infrastructure Specialist - Platinum,"Jakarta, Spec Reg Jakarta 10150",,
,,Storage Specialist - Gold,+62-21-2316352,,
,,Services Delivery Specialist - Gold,customer_care@berca.co.id/bintoro.yuwono@berca.co.,,
,,Hyper-converged Specialist,Visit Website,,
,,Big Data Platform Specialist - Silver,,,
,,Sever Specialist - Gold,,,
,,Networking Specialist - Gold,,,
Berca Indonesia Service,PLATINUM Partner,Services Specialist - Gold,"Komp.Balikpapan Baru, Blk AA5/16-17Jl.MT.Haryono","(021)3800902,3455880",customer_care@berca.co.id/bintoro.yuwono@berca.co.
,,Converged Infrastructure Specialist - Platinum,"Balikpapan, East Kalimantan 76114",,
,,Storage Specialist - Gold,+62-542-878272,,
,,Services Delivery Specialist - Gold,customer_care@berca.co.id/bintoro.yuwono@berca.co.,,
,,Hyper-converged Specialist,Visit Website,,
,,Big Data Platform Specialist - Silver,,,
,,Sever Specialist - Gold,,,
,,Networking Specialist - Gold,,,
"Berca Cakra Teknologi, PT",PLATINUM Partner,Services Specialist - Gold,Tanagamas BuildingJl. Tanah Abang III no. 19H,"(021)3800902,3455880",customer_care@berca.co.id/bintoro.yuwono@berca.co.
,,Converged Infrastructure Specialist - Platinum,"Jakarta, Spec Reg Jakarta 10150",,
,,Storage Specialist - Gold,+62-21-2316352,,
,,Services Delivery Specialist - Gold,customer_care@berca.co.id/bintoro.yuwono@berca.co.,,
,,Hyper-converged Specialist,Visit Website,,
,,Big Data Platform Specialist - Silver,,,
,,Sever Specialist - Gold,,,
,,Networking Specialist - Gold,,,
Berca Indonesia Service,PLATINUM Partner,Services Specialist - Gold,"Komp.Balikpapan Baru, Blk AA5/16-17Jl.MT.Haryono","(021)3800902,3455880",customer_care@berca.co.id/bintoro.yuwono@berca.co.
,,Converged Infrastructure Specialist - Platinum,"Balikpapan, East Kalimantan 76114",,
,,Storage Specialist - Gold,+62-542-878272,,
,,Services Delivery Specialist - Gold,customer_care@berca.co.id/bintoro.yuwono@berca.co.,,
,,Hyper-converged Specialist,Visit Website,,
,,Big Data Platform Specialist - Silver,,,
,,Sever Specialist - Gold,,,
,,Networking Specialist - Gold,,,
Berca Cakra Puri Indah,PLATINUM Partner,Services Specialist - Gold,Ruko Sentra NiagaPuri Indah Blok T1 No 20,"(021)3800902,3455880",customer_care@berca.co.id/bintoro.yuwono@berca.co.
,,Converged Infrastructure Specialist - Platinum,"Jakarta, Spec Reg Jakarta 11610",,
,,Storage Specialist - Gold,"(021)3800902,3455880",,
,,Services Delivery Specialist - Gold,customer_care@berca.co.id/bintoro.yuwono@berca.co.,,
,,Hyper-converged Specialist,Visit Website,,
,,Big Data Platform Specialist - Silver,,,
,,Sever Specialist - Gold,,,
,,Networking Specialist - Gold,,,
Berca Computel,PLATINUM Partner,Services Specialist - Gold,Komp.Balikpapan Permai Blk J2/14Jl.Jend Sudirman,"(021)3800902,3455880",customer_care@berca.co.id/bintoro.yuwono@berca.co.
,,Converged Infrastructure Specialist - Platinum,"Balikpapan, East Kalimantan 76114",,
,,Storage Specialist - Gold,+62-542-411726,,
,,Services Delivery Specialist - Gold,customer_care@berca.co.id/bintoro.yuwono@berca.co.,,
,,Hyper-converged Specialist,Visit Website,,
,,Big Data Platform Specialist - Silver,,,
,,Sever Specialist - Gold,,,
,,Networking Specialist - Gold,,,
Berca Computel,PLATINUM Partner,Services Specialist - Gold,Komp.Balikpapan Permai Blk J2/14Jl.Jend Sudirman,"(021)3800902,3455880",customer_care@berca.co.id/bintoro.yuwono@berca.co.
,,Converged Infrastructure Specialist - Platinum,"Balikpapan, East Kalimantan 76114",,
,,Storage Specialist - Gold,+62-542-411726,,
,,Services Delivery Specialist - Gold,customer_care@berca.co.id/bintoro.yuwono@berca.co.,,
,,Hyper-converged Specialist,Visit Website,,
,,Big Data Platform Specialist - Silver,,,
,,Sever Specialist - Gold,,,
,,Networking Specialist - Gold,,,
Berca Hardaya Perkasa-Jasatel,PLATINUM Partner,Services Specialist - Gold,Cyber Building Lt.IJl.Kuningan Barat No.8,"(021)3800902,3455880",customer_care@berca.co.id/bintoro.yuwono@berca.co.
,,Converged Infrastructure Specialist - Platinum,"Jakarta, Spec Reg Jakarta 12710",,
,,Storage Specialist - Gold,+62-21-5208987,,
,,Services Delivery Specialist - Gold,customer_care@berca.co.id/bintoro.yuwono@berca.co.,,
,,Hyper-converged Specialist,Visit Website,,
,,Big Data Platform Specialist - Silver,,,
,,Sever Specialist - Gold,,,
,,Networking Specialist - Gold,,,
Berca Computel,PLATINUM Partner,Services Specialist - Gold,Komp.Balikpapan Permai Blk J2/14Jl.Jend Sudirman,"(021)3800902,3455880",customer_care@berca.co.id/bintoro.yuwono@berca.co.
,,Converged Infrastructure Specialist - Platinum,"Balikpapan, East Kalimantan 76114",,
,,Storage Specialist - Gold,+62-542-411726,,
,,Services Delivery Specialist - Gold,customer_care@berca.co.id/bintoro.yuwono@berca.co.,,
,,Hyper-converged Specialist,Visit Website,,
,,Big Data Platform Specialist - Silver,,,
,,Sever Specialist - Gold,,,
,,Networking Specialist - Gold,,,
Berca Cakra Puri Indah,PLATINUM Partner,Services Specialist - Gold,Ruko Sentra NiagaPuri Indah Blok T1 No 20,"(021)3800902,3455880",customer_care@berca.co.id/bintoro.yuwono@berca.co.
,,Converged Infrastructure Specialist - Platinum,"Jakarta, Spec Reg Jakarta 11610",,
,,Storage Specialist - Gold,"(021)3800902,3455880",,
,,Services Delivery Specialist - Gold,customer_care@berca.co.id/bintoro.yuwono@berca.co.,,
,,Hyper-converged Specialist,Visit Website,,
,,Big Data Platform Specialist - Silver,,,
,,Sever Specialist - Gold,,,
,,Networking Specialist - Gold,,,
Berca Indonesia Service,PLATINUM Partner,Services Specialist - Gold,"Komp.Balikpapan Baru, Blk AA5/16-17Jl.MT.Haryono","(021)3800902,3455880",customer_care@berca.co.id/bintoro.yuwono@berca.co.
,,Converged Infrastructure Specialist - Platinum,"Balikpapan, East Kalimantan 76114",,
,,Storage Specialist - Gold,+62-542-878272,,
,,Services Delivery Specialist - Gold,customer_care@berca.co.id/bintoro.yuwono@berca.co.,,
,,Hyper-converged Specialist,Visit Website,,
,,Big Data Platform Specialist - Silver,,,
,,Sever Specialist - Gold,,,
,,Networking Specialist - Gold,,,
"Berca Cakra Teknologi, PT",PLATINUM Partner,Services Specialist - Gold,Tanagamas BuildingJl. Tanah Abang III no. 19H,"(021)3800902,3455880",customer_care@berca.co.id/bintoro.yuwono@berca.co.
,,Converged Infrastructure Specialist - Platinum,"Jakarta, Spec Reg Jakarta 10150",,
,,Storage Specialist - Gold,+62-21-2316352,,
,,Services Delivery Specialist - Gold,customer_care@berca.co.id/bintoro.yuwono@berca.co.,,
,,Hyper-converged Specialist,Visit Website,,
,,Big Data Platform Specialist - Silver,,,
,,Sever Specialist - Gold,,,
,,Networking Specialist - Gold,,,
Berca Hardaya Perkasa-Jasatel,PLATINUM Partner,Services Specialist - Gold,Cyber Building Lt.IJl.Kuningan Barat No.8,"(021)3800902,3455880",customer_care@berca.co.id/bintoro.yuwono@berca.co.
,,Converged Infrastructure Specialist - Platinum,"Jakarta, Spec Reg Jakarta 12710",,
,,Storage Specialist - Gold,+62-21-5208987,,
,,Services Delivery Specialist - Gold,customer_care@berca.co.id/bintoro.yuwono@berca.co.,,
,,Hyper-converged Specialist,Visit Website,,
,,Big Data Platform Specialist - Silver,,,
,,Sever Specialist - Gold,,,
,,Networking Specialist - Gold,,,
Berca Computel,PLATINUM Partner,Services Specialist - Gold,GMP SGF No. 68Jl. Gajah Mada Gajah Mada,+62-21-63850789,customer_care@berca.co.id/bintoro.yuwono@berca.co.
,,Converged Infrastructure Specialist - Platinum,"Jakarta, Spec Reg Jakarta 10130",,
,,Storage Specialist - Gold,+62-21-63850789,,
,,Services Delivery Specialist - Gold,customer_care@berca.co.id/bintoro.yuwono@berca.co.,,
,,Hyper-converged Specialist,Visit Website,,
,,Big Data Platform Specialist - Silver,,,
,,Sever Specialist - Gold,,,
,,Networking Specialist - Silver,,,
Berca Niaga Medika Pt.,PLATINUM Partner,Services Specialist - Gold,Jl. Abdul Muis No.62Gedung Berca Lantai 3,+62-21-63850789,customer_care@berca.co.id/bintoro.yuwono@berca.co.
,,Converged Infrastructure Specialist - Platinum,"Jakarta, Spec Reg Jakarta 10160",,
,,Storage Specialist - Gold,+62-21-3518826,,
,,Services Delivery Specialist - Gold,customer_care@berca.co.id/bintoro.yuwono@berca.co.,,
,,Hyper-converged Specialist,Visit Website,,
,,Big Data Platform Specialist - Silver,,,
,,Sever Specialist - Gold,,,
,,Networking Specialist - Silver,,,
Berca Cakra Pondok Indah,PLATINUM Partner,Services Specialist - Gold,Jl Iskandar MudaArteri Pondok Indah No 8D,+62-21-63850789,customer_care@berca.co.id/bintoro.yuwono@berca.co.
,,Converged Infrastructure Specialist - Platinum,"Jakarta, Spec Reg Jakarta 12240",,
,,Storage Specialist - Gold,+62 21 2316352,,
,,Services Delivery Specialist - Gold,customer_care@berca.co.id/bintoro.yuwono@berca.co.,,
,,Hyper-converged Specialist,Visit Website,,
,,Big Data Platform Specialist - Silver,,,
,,Sever Specialist - Gold,,,
,,Networking Specialist - Silver,,,
Berca Computel,PLATINUM Partner,Services Specialist - Gold,JL.Tengku AngkasaNo.33,+62-21-63850789,customer_care@berca.co.id/bintoro.yuwono@berca.co.
,,Converged Infrastructure Specialist - Platinum,"Bandung, West Java 40132",,
,,Storage Specialist - Gold,+62-22-250 8100,,
,,Services Delivery Specialist - Gold,customer_care@berca.co.id/bintoro.yuwono@berca.co.,,
,,Hyper-converged Specialist,Visit Website,,
,,Big Data Platform Specialist - Silver,,,
,,Sever Specialist - Gold,,,
,,Networking Specialist - Silver,,,
Tricomp - Berca Hardayaperkasa,PLATINUM Partner,Services Specialist - Gold,Jl. Tegal Sari2H,+62-21-63850789,customer_care@berca.co.id/bintoro.yuwono@berca.co.
,,Converged Infrastructure Specialist - Platinum,"Surabaya, East Java 60262",,
,,Storage Specialist - Gold,+62-31-5455377,,
,,Services Delivery Specialist - Gold,customer_care@berca.co.id/bintoro.yuwono@berca.co.,,
,,Hyper-converged Specialist,Visit Website,,
,,Big Data Platform Specialist - Silver,,,
,,Sever Specialist - Gold,,,
,,Networking Specialist - Silver,,,
Berca Computel,PLATINUM Partner,Services Specialist - Gold,GMP SGF No. 68Jl. Gajah Mada Gajah Mada,+62-21-63850789,customer_care@berca.co.id/bintoro.yuwono@berca.co.
,,Converged Infrastructure Specialist - Platinum,"Jakarta, Spec Reg Jakarta 10130",,
,,Storage Specialist - Gold,+62-21-63850789,,
,,Services Delivery Specialist - Gold,customer_care@berca.co.id/bintoro.yuwono@berca.co.,,
,,Hyper-converged Specialist,Visit Website,,
,,Big Data Platform Specialist - Silver,,,
,,Sever Specialist - Gold,,,
,,Networking Specialist - Silver,,,
Berca Computel,PLATINUM Partner,Services Specialist - Gold,JL.Tengku AngkasaNo.33,+62-21-63850789,customer_care@berca.co.id/bintoro.yuwono@berca.co.
,,Converged Infrastructure Specialist - Platinum,"Bandung, West Java 40132",,
,,Storage Specialist - Gold,+62-22-250 8100,,
,,Services Delivery Specialist - Gold,customer_care@berca.co.id/bintoro.yuwono@berca.co.,,
,,Hyper-converged Specialist,Visit Website,,
,,Big Data Platform Specialist - Silver,,,
,,Sever Specialist - Gold,,,
,,Networking Specialist - Silver,,,
Berca Computel,PLATINUM Partner,Services Specialist - Gold,Jl.Gunung LompobatangNo.113,+62-21-63850789,customer_care@berca.co.id/bintoro.yuwono@berca.co.
,,Converged Infrastructure Specialist - Platinum,"Makassar, South Sulawesi 90115",,
,,Storage Specialist - Gold,+62 411 312894,,
,,Services Delivery Specialist - Gold,customer_care@berca.co.id/bintoro.yuwono@berca.co.,,
,,Hyper-converged Specialist,Visit Website,,
,,Big Data Platform Specialist - Silver,,,
,,Sever Specialist - Gold,,,
,,Networking Specialist - Silver,,,
Berca Cakra Pondok Indah,PLATINUM Partner,Services Specialist - Gold,Jl Iskandar MudaArteri Pondok Indah No 8D,+62-21-63850789,customer_care@berca.co.id/bintoro.yuwono@berca.co.
,,Converged Infrastructure Specialist - Platinum,"Jakarta, Spec Reg Jakarta 12240",,
,,Storage Specialist - Gold,+62 21 2316352,,
,,Services Delivery Specialist - Gold,customer_care@berca.co.id/bintoro.yuwono@berca.co.,,
,,Hyper-converged Specialist,Visit Website,,
,,Big Data Platform Specialist - Silver,,,
,,Sever Specialist - Gold,,,
,,Networking Specialist - Silver,,,
Tricomp - Berca Hardayaperkasa,PLATINUM Partner,Services Specialist - Gold,Jl. Tegal Sari2H,+62-21-63850789,customer_care@berca.co.id/bintoro.yuwono@berca.co.
,,Converged Infrastructure Specialist - Platinum,"Surabaya, East Java 60262",,
,,Storage Specialist - Gold,+62-31-5455377,,
,,Services Delivery Specialist - Gold,customer_care@berca.co.id/bintoro.yuwono@berca.co.,,
,,Hyper-converged Specialist,Visit Website,,
,,Big Data Platform Specialist - Silver,,,
,,Sever Specialist - Gold,,,
,,Networking Specialist - Silver,,,
Berca Niaga Medika Pt.,PLATINUM Partner,Services Specialist - Gold,Jl. Abdul Muis No.62Gedung Berca Lantai 3,+62-21-63850789,customer_care@berca.co.id/bintoro.yuwono@berca.co.
,,Converged Infrastructure Specialist - Platinum,"Jakarta, Spec Reg Jakarta 10160",,
,,Storage Specialist - Gold,+62-21-3518826,,
,,Services Delivery Specialist - Gold,customer_care@berca.co.id/bintoro.yuwono@berca.co.,,
,,Hyper-converged Specialist,Visit Website,,
,,Big Data Platform Specialist - Silver,,,
,,Sever Specialist - Gold,,,
,,Networking Specialist - Silver,,,
Tricomp - Berca Hardayaperkasa,PLATINUM Partner,Services Specialist - Gold,Jl. Tegal Sari2H,+62-21-63850789,customer_care@berca.co.id/bintoro.yuwono@berca.co.
,,Converged Infrastructure Specialist - Platinum,"Surabaya, East Java 60262",,
,,Storage Specialist - Gold,+62-31-5455377,,
,,Services Delivery Specialist - Gold,customer_care@berca.co.id/bintoro.yuwono@berca.co.,,
,,Hyper-converged Specialist,Visit Website,,
,,Big Data Platform Specialist - Silver,,,
,,Sever Specialist - Gold,,,
,,Networking Specialist - Silver,,,
Berca Niaga Medika Pt.,PLATINUM Partner,Services Specialist - Gold,Jl. Abdul Muis No.62Gedung Berca Lantai 3,+62-21-63850789,customer_care@berca.co.id/bintoro.yuwono@berca.co.
,,Converged Infrastructure Specialist - Platinum,"Jakarta, Spec Reg Jakarta 10160",,
,,Storage Specialist - Gold,+62-21-3518826,,
,,Services Delivery Specialist - Gold,customer_care@berca.co.id/bintoro.yuwono@berca.co.,,
,,Hyper-converged Specialist,Visit Website,,
,,Big Data Platform Specialist - Silver,,,
,,Sever Specialist - Gold,,,
,,Networking Specialist - Silver,,,
Berca Cakra Pondok Indah,PLATINUM Partner,Services Specialist - Gold,Jl Iskandar MudaArteri Pondok Indah No 8D,+62-21-63850789,customer_care@berca.co.id/bintoro.yuwono@berca.co.
,,Converged Infrastructure Specialist - Platinum,"Jakarta, Spec Reg Jakarta 12240",,
,,Storage Specialist - Gold,+62 21 2316352,,
,,Services Delivery Specialist - Gold,customer_care@berca.co.id/bintoro.yuwono@berca.co.,,
,,Hyper-converged Specialist,Visit Website,,
,,Big Data Platform Specialist - Silver,,,
,,Sever Specialist - Gold,,,
,,Networking Specialist - Silver,,,
Berca Computel,PLATINUM Partner,Services Specialist - Gold,Jl.Gunung LompobatangNo.113,+62-21-63850789,customer_care@berca.co.id/bintoro.yuwono@berca.co.
,,Converged Infrastructure Specialist - Platinum,"Makassar, South Sulawesi 90115",,
,,Storage Specialist - Gold,+62 411 312894,,
,,Services Delivery Specialist - Gold,customer_care@berca.co.id/bintoro.yuwono@berca.co.,,
,,Hyper-converged Specialist,Visit Website,,
,,Big Data Platform Specialist - Silver,,,
,,Sever Specialist - Gold,,,
,,Networking Specialist - Silver,,,
Berca Niaga Medika Pt.,PLATINUM Partner,Services Specialist - Gold,Jl. Abdul Muis No.62Gedung Berca Lantai 3,+62-21-63850789,customer_care@berca.co.id/bintoro.yuwono@berca.co.
,,Converged Infrastructure Specialist - Platinum,"Jakarta, Spec Reg Jakarta 10160",,
,,Storage Specialist - Gold,+62-21-3518826,,
,,Services Delivery Specialist - Gold,customer_care@berca.co.id/bintoro.yuwono@berca.co.,,
,,Hyper-converged Specialist,Visit Website,,
,,Big Data Platform Specialist - Silver,,,
,,Sever Specialist - Gold,,,
,,Networking Specialist - Silver,,,
Berca Computel,PLATINUM Partner,Services Specialist - Gold,JL.Tengku AngkasaNo.33,+62-21-63850789,customer_care@berca.co.id/bintoro.yuwono@berca.co.
,,Converged Infrastructure Specialist - Platinum,"Bandung, West Java 40132",,
,,Storage Specialist - Gold,+62-22-250 8100,,
,,Services Delivery Specialist - Gold,customer_care@berca.co.id/bintoro.yuwono@berca.co.,,
,,Hyper-converged Specialist,Visit Website,,
,,Big Data Platform Specialist - Silver,,,
,,Sever Specialist - Gold,,,
,,Networking Specialist - Silver,,,
Berca Cakra Pondok Indah,PLATINUM Partner,Services Specialist - Gold,Jl Iskandar MudaArteri Pondok Indah No 8D,+62-21-63850789,customer_care@berca.co.id/bintoro.yuwono@berca.co.
,,Converged Infrastructure Specialist - Platinum,"Jakarta, Spec Reg Jakarta 12240",,
,,Storage Specialist - Gold,+62 21 2316352,,
,,Services Delivery Specialist - Gold,customer_care@berca.co.id/bintoro.yuwono@berca.co.,,
,,Hyper-converged Specialist,Visit Website,,
,,Big Data Platform Specialist - Silver,,,
,,Sever Specialist - Gold,,,
,,Networking Specialist - Silver,,,
Berca Computel,PLATINUM Partner,Services Specialist - Gold,JL.Tengku AngkasaNo.33,+62-21-63850789,customer_care@berca.co.id/bintoro.yuwono@berca.co.
,,Converged Infrastructure Specialist - Platinum,"Bandung, West Java 40132",,
,,Storage Specialist - Gold,+62-22-250 8100,,
,,Services Delivery Specialist - Gold,customer_care@berca.co.id/bintoro.yuwono@berca.co.,,
,,Hyper-converged Specialist,Visit Website,,
,,Big Data Platform Specialist - Silver,,,
,,Sever Specialist - Gold,,,
,,Networking Specialist - Silver,,,
Berca Computel,PLATINUM Partner,Services Specialist - Gold,GMP SGF No. 68Jl. Gajah Mada Gajah Mada,+62-21-63850789,customer_care@berca.co.id/bintoro.yuwono@berca.co.
,,Converged Infrastructure Specialist - Platinum,"Jakarta, Spec Reg Jakarta 10130",,
,,Storage Specialist - Gold,+62-21-63850789,,
,,Services Delivery Specialist - Gold,customer_care@berca.co.id/bintoro.yuwono@berca.co.,,
,,Hyper-converged Specialist,Visit Website,,
,,Big Data Platform Specialist - Silver,,,
,,Sever Specialist - Gold,,,
,,Networking Specialist - Silver,,,
Berca Computel,PLATINUM Partner,Services Specialist - Gold,Jl.Gunung LompobatangNo.113,+62 411 312894,customer_care@berca.co.id/bintoro.yuwono@berca.co.
,,Converged Infrastructure Specialist - Platinum,"Makassar, South Sulawesi 90115",,
,,Storage Specialist - Gold,+62 411 312894,,
,,Services Delivery Specialist - Gold,customer_care@berca.co.id/bintoro.yuwono@berca.co.,,
,,Hyper-converged Specialist,Visit Website,,
,,Big Data Platform Specialist - Silver,,,
,,Sever Specialist - Gold,,,
,,Networking Specialist - Silver,,,
Berca Computel,PLATINUM Partner,Services Specialist - Gold,GMP SGF No. 68Jl. Gajah Mada Gajah Mada,+62 411 312894,customer_care@berca.co.id/bintoro.yuwono@berca.co.
,,Converged Infrastructure Specialist - Platinum,"Jakarta, Spec Reg Jakarta 10130",,
,,Storage Specialist - Gold,+62-21-63850789,,
,,Services Delivery Specialist - Gold,customer_care@berca.co.id/bintoro.yuwono@berca.co.,,
,,Hyper-converged Specialist,Visit Website,,
,,Big Data Platform Specialist - Silver,,,
,,Sever Specialist - Gold,,,
,,Networking Specialist - Silver,,,
Tricomp - Berca Hardayaperkasa,PLATINUM Partner,Services Specialist - Gold,Jl. Tegal Sari2H,+62 411 312894,customer_care@berca.co.id/bintoro.yuwono@berca.co.
,,Converged Infrastructure Specialist - Platinum,"Surabaya, East Java 60262",,
,,Storage Specialist - Gold,+62-31-5455377,,
,,Services Delivery Specialist - Gold,customer_care@berca.co.id/bintoro.yuwono@berca.co.,,
,,Hyper-converged Specialist,Visit Website,,
,,Big Data Platform Specialist - Silver,,,
,,Sever Specialist - Gold,,,
,,Networking Specialist - Silver,,,
Berca Computel,PLATINUM Partner,Services Specialist - Gold,Jl.Gunung LompobatangNo.113,+62 411 312894,customer_care@berca.co.id/bintoro.yuwono@berca.co.
,,Converged Infrastructure Specialist - Platinum,"Makassar, South Sulawesi 90115",,
,,Storage Specialist - Gold,+62 411 312894,,
,,Services Delivery Specialist - Gold,customer_care@berca.co.id/bintoro.yuwono@berca.co.,,
,,Hyper-converged Specialist,Visit Website,,
,,Big Data Platform Specialist - Silver,,,
,,Sever Specialist - Gold,,,
,,Networking Specialist - Silver,,,
"Mitra Integrasi Informatika, PT",PLATINUM Partner,Services Specialist - Gold,Jl. Let Jen S. Parman Kav 28APL Tower 37Th floor suite 1-8 Tanjung Duren Selatan Grogol Petamburan,+62 411 312894,customer_care@berca.co.id/bintoro.yuwono@berca.co.
,,Storage Specialist - Gold,"Jakarta, Spec Reg Jakarta 11470",,
,,IT Management Specialist - Silver,+62-21-29345888,,
,,Networking Specialist - Gold,adolf.situmeang@metrodata.co.id,,
,,,Visit Website,,
"Mitra Integrasi Informatika, PT",PLATINUM Partner,Services Specialist - Gold,Jl. Let Jen S. Parman Kav 28APL Tower 37Th floor suite 1-8 Tanjung Duren Selatan Grogol Petamburan,+62 411 312894,customer_care@berca.co.id/bintoro.yuwono@berca.co.
,,Storage Specialist - Gold,"Jakarta, Spec Reg Jakarta 11470",,
,,IT Management Specialist - Silver,+62-21-29345888,,
,,Networking Specialist - Gold,adolf.situmeang@metrodata.co.id,,
,,,Visit Website,,
"Mitra Integrasi Informatika, PT",PLATINUM Partner,Services Specialist - Gold,Jl. Let Jen S. Parman Kav 28APL Tower 37Th floor suite 1-8 Tanjung Duren Selatan Grogol Petamburan,+62 411 312894,customer_care@berca.co.id/bintoro.yuwono@berca.co.
,,Storage Specialist - Gold,"Jakarta, Spec Reg Jakarta 11470",,
,,IT Management Specialist - Silver,+62-21-29345888,,
,,Networking Specialist - Gold,adolf.situmeang@metrodata.co.id,,
,,,Visit Website,,
"Mitra Integrasi Informatika, PT",PLATINUM Partner,Services Specialist - Gold,Jl. Let Jen S. Parman Kav 28APL Tower 37Th floor suite 1-8 Tanjung Duren Selatan Grogol Petamburan,+62 411 312894,customer_care@berca.co.id/bintoro.yuwono@berca.co.
,,Storage Specialist - Gold,"Jakarta, Spec Reg Jakarta 11470",,
,,IT Management Specialist - Silver,+62-21-29345888,,
,,Networking Specialist - Gold,adolf.situmeang@metrodata.co.id,,
,,,Visit Website,,
Astra Graphia,PLATINUM Partner,Services Specialist - Silver,AG BuildingJl.Kramat Raya No.43 Senen,+62 411 312894,customer_care@berca.co.id/bintoro.yuwono@berca.co.
,,Storage Specialist - Gold,"Jakarta, Spec Reg Jakarta 10450",,
,,Sever Specialist - Silver,+62-21-3909190,,
,,Networking Specialist - Silver,info@ag-it.com,,
,,,Visit Website,,
"Astra Graphia Information Technology, PT",PLATINUM Partner,Services Specialist - Silver,ANZ Tower 22nd FloorJl Jenderal Sudirman Kav 33A,+62 411 312894,customer_care@berca.co.id/bintoro.yuwono@berca.co.
,,Storage Specialist - Gold,"Jakarta, Spec Reg Jakarta 10220",,
,,Sever Specialist - Silver,+62 21 5721177,,
,,Networking Specialist - Silver,info@ag-it.com,,
,,,Visit Website,,
Astra Graphia,PLATINUM Partner,Services Specialist - Silver,AG BuildingJl.Kramat Raya No.43 Senen,+62 411 312894,customer_care@berca.co.id/bintoro.yuwono@berca.co.
,,Storage Specialist - Gold,"Jakarta, Spec Reg Jakarta 10450",,
,,Sever Specialist - Silver,+62-21-3909190,,
,,Networking Specialist - Silver,info@ag-it.com,,
,,,Visit Website,,
"Astra Graphia Information Technology, PT",PLATINUM Partner,Services Specialist - Silver,ANZ Tower 22nd FloorJl Jenderal Sudirman Kav 33A,+62 411 312894,customer_care@berca.co.id/bintoro.yuwono@berca.co.
,,Storage Specialist - Gold,"Jakarta, Spec Reg Jakarta 10220",,
,,Sever Specialist - Silver,+62 21 5721177,,
,,Networking Specialist - Silver,info@ag-it.com,,
,,,Visit Website,,
"Astra Graphia Information Technology, PT",PLATINUM Partner,Services Specialist - Silver,ANZ Tower 22nd FloorJl Jenderal Sudirman Kav 33A,+62 411 312894,customer_care@berca.co.id/bintoro.yuwono@berca.co.
,,Storage Specialist - Gold,"Jakarta, Spec Reg Jakarta 10220",,
,,Sever Specialist - Silver,+62 21 5721177,,
,,Networking Specialist - Silver,info@ag-it.com,,
,,,Visit Website,,
Astra Graphia,PLATINUM Partner,Services Specialist - Silver,AG BuildingJl.Kramat Raya No.43 Senen,+62 411 312894,customer_care@berca.co.id/bintoro.yuwono@berca.co.
,,Storage Specialist - Gold,"Jakarta, Spec Reg Jakarta 10450",,
,,Sever Specialist - Silver,+62-21-3909190,,
,,Networking Specialist - Silver,info@ag-it.com,,
,,,Visit Website,,
Astra Graphia,PLATINUM Partner,Services Specialist - Silver,AG BuildingJl.Kramat Raya No.43 Senen,+62 411 312894,customer_care@berca.co.id/bintoro.yuwono@berca.co.
,,Storage Specialist - Gold,"Jakarta, Spec Reg Jakarta 10450",,
,,Sever Specialist - Silver,+62-21-3909190,,
,,Networking Specialist - Silver,info@ag-it.com,,
,,,Visit Website,,
"Astra Graphia Information Technology, PT",PLATINUM Partner,Services Specialist - Silver,ANZ Tower 22nd FloorJl Jenderal Sudirman Kav 33A,+62 411 312894,customer_care@berca.co.id/bintoro.yuwono@berca.co.
,,Storage Specialist - Gold,"Jakarta, Spec Reg Jakarta 10220",,
,,Sever Specialist - Silver,+62 21 5721177,,
,,Networking Specialist - Silver,info@ag-it.com,,
,,,Visit Website,,
"Mitra Integrasi Informatika, PT",PLATINUM Partner,Services Specialist - Gold,Jl. Panglima Sudirman No. 101 - 103Intiland Tower Lt. 7 Suite 5A,+62 411 312894,customer_care@berca.co.id/bintoro.yuwono@berca.co.
,,Storage Specialist - Gold,"Surabaya, East Java 60271",,
,,IT Management Specialist - Silver,+62-31-5474217,,
,,Networking Specialist - Gold,adolf.situmeang@metrodata.co.id,,
,,,Visit Website,,
"Mitra Integrasi Informatika, PT",PLATINUM Partner,Services Specialist - Gold,Jl. Panglima Sudirman No. 101 - 103Intiland Tower Lt. 7 Suite 5A,+62 411 312894,customer_care@berca.co.id/bintoro.yuwono@berca.co.
,,Storage Specialist - Gold,"Surabaya, East Java 60271",,
,,IT Management Specialist - Silver,+62-31-5474217,,
,,Networking Specialist - Gold,adolf.situmeang@metrodata.co.id,,
,,,Visit Website,,
"Mitra Integrasi Informatika, PT",PLATINUM Partner,Services Specialist - Gold,Jl. Panglima Sudirman No. 101 - 103Intiland Tower Lt. 7 Suite 5A,+62 411 312894,customer_care@berca.co.id/bintoro.yuwono@berca.co.
,,Storage Specialist - Gold,"Surabaya, East Java 60271",,
,,IT Management Specialist - Silver,+62-31-5474217,,
,,Networking Specialist - Gold,adolf.situmeang@metrodata.co.id,,
,,,Visit Website,,
"Mitra Integrasi Informatika, PT",PLATINUM Partner,Services Specialist - Gold,Jl. Panglima Sudirman No. 101 - 103Intiland Tower Lt. 7 Suite 5A,+62 411 312894,customer_care@berca.co.id/bintoro.yuwono@berca.co.
,,Storage Specialist - Gold,"Surabaya, East Java 60271",,
,,IT Management Specialist - Silver,+62-31-5474217,,
,,Networking Specialist - Gold,adolf.situmeang@metrodata.co.id,,
,,,Visit Website,,
"Integra Technology Kompakindo, PT",GOLD Partner,Storage Specialist - Silver,Jl. Jembatan Tiga DaratBlok D No I/A Kel Penjaringan Kec Penjaringan,622166696767,richard@hpkom.com
,,Sever Specialist - Gold,"Jakarta, Spec Reg Jakarta 10510",,
,,Networking Specialist - Gold,622166696767,,
,,,richard@hpkom.com,,
"Prima Integrasi Solusindo, Pt",GOLD Partner,Services Specialist - Silver,Jl. Jend. Sudirman Kav.7-8Gedung Nugra Santana Lantai 2,622166696767,richard@hpkom.com
,,Storage Specialist - Gold,"Jakarta, Spec Reg Jakarta 10220",,
,,Sever Specialist - Gold,+62-21-57901111,,
,,,eddy_anthony/edo@mastersystem.co.id,,
,,,Visit Website,,
"Harvest Perdana Kompakindo, PT",GOLD Partner,Storage Specialist - Silver,JL JEMBATAN III BARAT 1ART 022/008 PENJARINGAN,622166696767,richard@hpkom.com
,,Sever Specialist - Gold,"Jakarta, Spec Reg Jakarta 14440",,
,,Networking Specialist - Gold,+62-21-66696767,,
,,,richard@hpkom.com,,
Sentra Net,GOLD Partner,Storage Specialist - Silver,Komp.Perkantoran SentraJl.P.Jayakarta Blk D/129,622166696767,richard@hpkom.com
,,Sever Specialist - Gold,"Jakarta, Spec Reg Jakarta 10730",,
,,Networking Specialist - Gold,+62-21-6248762,,
,,,richard@hpkom.com,,
"Harvest Perdana Kompakindo, PT",GOLD Partner,Storage Specialist - Silver,JL JEMBATAN III BARAT 1ART 022/008 PENJARINGAN,622166696767,richard@hpkom.com
,,Sever Specialist - Gold,"Jakarta, Spec Reg Jakarta 14440",,
,,Networking Specialist - Gold,+62-21-66696767,,
,,,richard@hpkom.com,,
"Prima Integrasi Solusindo, Pt",GOLD Partner,Services Specialist - Silver,Jl. Jend. Sudirman Kav.7-8Gedung Nugra Santana Lantai 2,622166696767,richard@hpkom.com
,,Storage Specialist - Gold,"Jakarta, Spec Reg Jakarta 10220",,
,,Sever Specialist - Gold,+62-21-57901111,,
,,,eddy_anthony/edo@mastersystem.co.id,,
,,,Visit Website,,
"Harvest Perdana Kompakindo, PT",GOLD Partner,Storage Specialist - Silver,JL JEMBATAN III BARAT 1ART 022/008 PENJARINGAN,622166696767,richard@hpkom.com
,,Sever Specialist - Gold,"Jakarta, Spec Reg Jakarta 14440",,
,,Networking Specialist - Gold,+62-21-66696767,,
,,,richard@hpkom.com,,
Sentra Net,GOLD Partner,Storage Specialist - Silver,Komp.Perkantoran SentraJl.P.Jayakarta Blk D/129,622166696767,richard@hpkom.com
,,Sever Specialist - Gold,"Jakarta, Spec Reg Jakarta 10730",,
,,Networking Specialist - Gold,+62-21-6248762,,
,,,richard@hpkom.com,,
"Prima Integrasi Solusindo, Pt",GOLD Partner,Services Specialist - Silver,Jl. Jend. Sudirman Kav.7-8Gedung Nugra Santana Lantai 2,622166696767,richard@hpkom.com
,,Storage Specialist - Gold,"Jakarta, Spec Reg Jakarta 10220",,
,,Sever Specialist - Gold,+62-21-57901111,,
,,,eddy_anthony/edo@mastersystem.co.id,,
,,,Visit Website,,
Sentra Net,GOLD Partner,Storage Specialist - Silver,Komp.Perkantoran SentraJl.P.Jayakarta Blk D/129,622166696767,richard@hpkom.com
,,Sever Specialist - Gold,"Jakarta, Spec Reg Jakarta 10730",,
,,Networking Specialist - Gold,+62-21-6248762,,
,,,richard@hpkom.com,,
"Prima Integrasi Solusindo, Pt",GOLD Partner,Services Specialist - Silver,Jl. Jend. Sudirman Kav.7-8Gedung Nugra Santana Lantai 2,622166696767,richard@hpkom.com
,,Storage Specialist - Gold,"Jakarta, Spec Reg Jakarta 10220",,
,,Sever Specialist - Gold,+62-21-57901111,,
,,,eddy_anthony/edo@mastersystem.co.id,,
,,,Visit Website,,
"Harvest Perdana Kompakindo, PT",GOLD Partner,Storage Specialist - Silver,JL JEMBATAN III BARAT 1ART 022/008 PENJARINGAN,622166696767,richard@hpkom.com
,,Sever Specialist - Gold,"Jakarta, Spec Reg Jakarta 14440",,
,,Networking Specialist - Gold,+62-21-66696767,,
,,,richard@hpkom.com,,
"Integra Technology Kompakindo, PT",GOLD Partner,Storage Specialist - Silver,Jl. Jembatan Tiga DaratBlok D No I/A Kel Penjaringan Kec Penjaringan,622166696767,richard@hpkom.com
,,Sever Specialist - Gold,"Jakarta, Spec Reg Jakarta 10510",,
,,Networking Specialist - Gold,622166696767,,
,,,richard@hpkom.com,,
"Integra Technology Kompakindo, PT",GOLD Partner,Storage Specialist - Silver,Jl. Jembatan Tiga DaratBlok D No I/A Kel Penjaringan Kec Penjaringan,622166696767,richard@hpkom.com
,,Sever Specialist - Gold,"Jakarta, Spec Reg Jakarta 10510",,
,,Networking Specialist - Gold,622166696767,,
,,,richard@hpkom.com,,
"Integra Technology Kompakindo, PT",GOLD Partner,Storage Specialist - Silver,Jl. Jembatan Tiga DaratBlok D No I/A Kel Penjaringan Kec Penjaringan,622166696767,richard@hpkom.com
,,Sever Specialist - Gold,"Jakarta, Spec Reg Jakarta 10510",,
,,Networking Specialist - Gold,622166696767,,
,,,richard@hpkom.com,,
Sentra Net,GOLD Partner,Storage Specialist - Silver,Komp.Perkantoran SentraJl.P.Jayakarta Blk D/129,622166696767,richard@hpkom.com
,,Sever Specialist - Gold,"Jakarta, Spec Reg Jakarta 10730",,
,,Networking Specialist - Gold,+62-21-6248762,,
,,,richard@hpkom.com,,
"Mastersystem Infotama, PT",GOLD Partner,Services Specialist - Silver,Panglima Sudirman No 101 - 103Wisma Dharmala 2 F Suite 16 A Ji,622166696767,richard@hpkom.com
,,Storage Specialist - Gold,"Surabaya, East Java 60271",,
,,Sever Specialist - Silver,+62-31-5478820,,
,,,kgautama@mastersystem.co.id,,
,,,Visit Website,,
"Dinamika Sistem Integrasi Solusi, PT",GOLD Partner,Services Specialist - Silver,Jl Jendral Sudirman Kav 47Plaza Sentral 19th Floor,622166696767,richard@hpkom.com
,,Storage Specialist - Silver,"Jakarta, Spec Reg Jakarta 12930",,
,,Sever Specialist - Gold,62-212944 2398,,
,,,kharis.mulyadi@dinamikasolusi.com,,
,,,Visit Website,,
"Dinamika Sistem Integrasi Solusi, PT",GOLD Partner,Services Specialist - Silver,Jl Jendral Sudirman Kav 47Plaza Sentral 19th Floor,622166696767,richard@hpkom.com
,,Storage Specialist - Silver,"Jakarta, Spec Reg Jakarta 12930",,
,,Sever Specialist - Gold,62-212944 2398,,
,,,kharis.mulyadi@dinamikasolusi.com,,
,,,Visit Website,,
"Mastersystem Infotama, PT",GOLD Partner,Services Specialist - Silver,Panglima Sudirman No 101 - 103Wisma Dharmala 2 F Suite 16 A Ji,622166696767,richard@hpkom.com
,,Storage Specialist - Gold,"Surabaya, East Java 60271",,
,,Sever Specialist - Silver,+62-31-5478820,,
,,,kgautama@mastersystem.co.id,,
,,,Visit Website,,
"Mastersystem Infotama, PT",GOLD Partner,Services Specialist - Silver,Panglima Sudirman No 101 - 103Wisma Dharmala 2 F Suite 16 A Ji,+62-31-5478820,kgautama@mastersystem.co.id
,,Storage Specialist - Gold,"Surabaya, East Java 60271",,
,,Sever Specialist - Silver,+62-31-5478820,,
,,,kgautama@mastersystem.co.id,,
,,,Visit Website,,
"Mastersystem Infotama, PT",GOLD Partner,Services Specialist - Silver,Panglima Sudirman No 101 - 103Wisma Dharmala 2 F Suite 16 A Ji,+62-31-5478820,kgautama@mastersystem.co.id
,,Storage Specialist - Gold,"Surabaya, East Java 60271",,
,,Sever Specialist - Silver,+62-31-5478820,,
,,,kgautama@mastersystem.co.id,,
,,,Visit Website,,
"Dinamika Sistem Integrasi Solusi, PT",GOLD Partner,Services Specialist - Silver,Jl Jendral Sudirman Kav 47Plaza Sentral 19th Floor,+62-31-5478820,kgautama@mastersystem.co.id
,,Storage Specialist - Silver,"Jakarta, Spec Reg Jakarta 12930",,
,,Sever Specialist - Gold,62-212944 2398,,
,,,kharis.mulyadi@dinamikasolusi.com,,
,,,Visit Website,,
"Dinamika Sistem Integrasi Solusi, PT",GOLD Partner,Services Specialist - Silver,Jl Jendral Sudirman Kav 47Plaza Sentral 19th Floor,+62-31-5478820,kgautama@mastersystem.co.id
,,Storage Specialist - Silver,"Jakarta, Spec Reg Jakarta 12930",,
,,Sever Specialist - Gold,62-212944 2398,,
,,,kharis.mulyadi@dinamikasolusi.com,,
,,,Visit Website,,
Metrocom Global Solusi PT,GOLD Partner,Services Specialist - Silver,Wisma griya intan Jl. Warung Buncit RayaNo 21 B Blok 6-10,+62-31-5478820,kgautama@mastersystem.co.id
,,Storage Specialist - Silver,"Jakarta Selatan, Spec Reg Jakarta 12510",,
,,Sever Specialist - Silver,+62-21-83700160,,
,,,indra@metrocom.co.id,,
Metrocom Global Solusi PT,GOLD Partner,Services Specialist - Silver,Wisma griya intan Jl. Warung Buncit RayaNo 21 B Blok 6-10,+62-31-5478820,kgautama@mastersystem.co.id
,,Storage Specialist - Silver,"Jakarta Selatan, Spec Reg Jakarta 12510",,
,,Sever Specialist - Silver,+62-21-83700160,,
,,,indra@metrocom.co.id,,
Metrocom Global Solusi PT,GOLD Partner,Services Specialist - Silver,Wisma griya intan Jl. Warung Buncit RayaNo 21 B Blok 6-10,+62-31-5478820,kgautama@mastersystem.co.id
,,Storage Specialist - Silver,"Jakarta Selatan, Spec Reg Jakarta 12510",,
,,Sever Specialist - Silver,+62-21-83700160,,
,,,indra@metrocom.co.id,,
Metrocom Global Solusi PT,GOLD Partner,Services Specialist - Silver,Wisma griya intan Jl. Warung Buncit RayaNo 21 B Blok 6-10,+62-31-5478820,kgautama@mastersystem.co.id
,,Storage Specialist - Silver,"Jakarta Selatan, Spec Reg Jakarta 12510",,
,,Sever Specialist - Silver,+62-21-83700160,,
,,,indra@metrocom.co.id,,
Berca Computel,GOLD Partner,Services Specialist - Gold,Jl.MT Haryono519A,+62-31-5478820,kgautama@mastersystem.co.id
,,Converged Infrastructure Specialist - Platinum,"Semarang, Central Java 50136",,
,,Storage Specialist - Gold,+62 24 8412525,,
,,Services Delivery Specialist - Gold,customer_care@berca.co.id/bintoro.yuwono@berca.co.,,
,,Hyper-converged Specialist,Visit Website,,
,,Big Data Platform Specialist - Silver,,,
,,Sever Specialist - Gold,,,
,,Networking Specialist - Gold,,,
Berca Computel,GOLD Partner,Services Specialist - Gold,Jl. KemuningNo. 7,+62-31-5478820,kgautama@mastersystem.co.id
,,Converged Infrastructure Specialist - Platinum,"Surabaya, East Java 60272",,
,,Storage Specialist - Gold,+62-31-5328382,,
,,Services Delivery Specialist - Gold,customer_care@berca.co.id/bintoro.yuwono@berca.co.,,
,,Hyper-converged Specialist,Visit Website,,
,,Big Data Platform Specialist - Silver,,,
,,Sever Specialist - Gold,,,
,,Networking Specialist - Gold,,,
Berca Computel,GOLD Partner,Services Specialist - Gold,JL.Tegal SariNo. 2H,+62-31-5478820,kgautama@mastersystem.co.id
,,Converged Infrastructure Specialist - Platinum,"Surabaya, East Java 60262",,
,,Storage Specialist - Gold,+62-31-5455376,,
,,Services Delivery Specialist - Gold,customer_care@berca.co.id/bintoro.yuwono@berca.co.,,
,,Hyper-converged Specialist,Visit Website,,
,,Big Data Platform Specialist - Silver,,,
,,Sever Specialist - Gold,,,
,,Networking Specialist - Gold,,,
Berca Hardayaperkasa,GOLD Partner,Services Specialist - Gold,Wisma Dharmala 10th floor Suite 3AJl Panglima Sudirman 101-103,+62-31-5478820,kgautama@mastersystem.co.id
,,Converged Infrastructure Specialist - Platinum,"Surabaya, East Java 60271",,
,,Storage Specialist - Gold,+62-31-5468900,,
,,Services Delivery Specialist - Gold,customer_care@berca.co.id/bintoro.yuwono@berca.co.,,
,,Hyper-converged Specialist,Visit Website,,
,,Big Data Platform Specialist - Silver,,,
,,Sever Specialist - Gold,,,
,,Networking Specialist - Gold,,,
"Berca Hardayaperkasa, PT",GOLD Partner,Services Specialist - Gold,Jl. MT. Haryono(ring road) AA5 No.16-17,+62-31-5478820,kgautama@mastersystem.co.id
,,Converged Infrastructure Specialist - Platinum,"Balikpapan, East Kalimantan 76114",,
,,Storage Specialist - Gold,+62-542-878272,,
,,Services Delivery Specialist - Gold,customer_care@berca.co.id/bintoro.yuwono@berca.co.,,
,,Hyper-converged Specialist,Visit Website,,
,,Big Data Platform Specialist - Silver,,,
,,Sever Specialist - Gold,,,
,,Networking Specialist - Gold,,,
Berca Computel,GOLD Partner,Services Specialist - Gold,Jl.MT Haryono519A,+62-31-5478820,kgautama@mastersystem.co.id
,,Converged Infrastructure Specialist - Platinum,"Semarang, Central Java 50136",,
,,Storage Specialist - Gold,+62 24 8412525,,
,,Services Delivery Specialist - Gold,customer_care@berca.co.id/bintoro.yuwono@berca.co.,,
,,Hyper-converged Specialist,Visit Website,,
,,Big Data Platform Specialist - Silver,,,
,,Sever Specialist - Gold,,,
,,Networking Specialist - Gold,,,
Berca Computel,GOLD Partner,Services Specialist - Gold,Jl. KemuningNo. 7,+62-31-5478820,kgautama@mastersystem.co.id
,,Converged Infrastructure Specialist - Platinum,"Surabaya, East Java 60272",,
,,Storage Specialist - Gold,+62-31-5328382,,
,,Services Delivery Specialist - Gold,customer_care@berca.co.id/bintoro.yuwono@berca.co.,,
,,Hyper-converged Specialist,Visit Website,,
,,Big Data Platform Specialist - Silver,,,
,,Sever Specialist - Gold,,,
,,Networking Specialist - Gold,,,
Berca Computel,GOLD Partner,Services Specialist - Gold,JL.Tegal SariNo. 2H,+62-31-5478820,kgautama@mastersystem.co.id
,,Converged Infrastructure Specialist - Platinum,"Surabaya, East Java 60262",,
,,Storage Specialist - Gold,+62-31-5455376,,
,,Services Delivery Specialist - Gold,customer_care@berca.co.id/bintoro.yuwono@berca.co.,,
,,Hyper-converged Specialist,Visit Website,,
,,Big Data Platform Specialist - Silver,,,
,,Sever Specialist - Gold,,,
,,Networking Specialist - Gold,,,
Berca Hardayaperkasa,GOLD Partner,Services Specialist - Gold,Wisma Dharmala 10th floor Suite 3AJl Panglima Sudirman 101-103,+62-31-5478820,kgautama@mastersystem.co.id
,,Converged Infrastructure Specialist - Platinum,"Surabaya, East Java 60271",,
,,Storage Specialist - Gold,+62-31-5468900,,
,,Services Delivery Specialist - Gold,customer_care@berca.co.id/bintoro.yuwono@berca.co.,,
,,Hyper-converged Specialist,Visit Website,,
,,Big Data Platform Specialist - Silver,,,
,,Sever Specialist - Gold,,,
,,Networking Specialist - Gold,,,
"Berca Hardayaperkasa, PT",GOLD Partner,Services Specialist - Gold,Jl. MT. Haryono(ring road) AA5 No.16-17,+62-31-5478820,kgautama@mastersystem.co.id
,,Converged Infrastructure Specialist - Platinum,"Balikpapan, East Kalimantan 76114",,
,,Storage Specialist - Gold,+62-542-878272,,
,,Services Delivery Specialist - Gold,customer_care@berca.co.id/bintoro.yuwono@berca.co.,,
,,Hyper-converged Specialist,Visit Website,,
,,Big Data Platform Specialist - Silver,,,
,,Sever Specialist - Gold,,,
,,Networking Specialist - Gold,,,
Berca Computel,GOLD Partner,Services Specialist - Gold,Jl.MT Haryono519A,+62-31-5478820,kgautama@mastersystem.co.id
,,Converged Infrastructure Specialist - Platinum,"Semarang, Central Java 50136",,
,,Storage Specialist - Gold,+62 24 8412525,,
,,Services Delivery Specialist - Gold,customer_care@berca.co.id/bintoro.yuwono@berca.co.,,
,,Hyper-converged Specialist,Visit Website,,
,,Big Data Platform Specialist - Silver,,,
,,Sever Specialist - Gold,,,
,,Networking Specialist - Gold,,,
Berca Computel,GOLD Partner,Services Specialist - Gold,Jl. KemuningNo. 7,+62-31-5478820,kgautama@mastersystem.co.id
,,Converged Infrastructure Specialist - Platinum,"Surabaya, East Java 60272",,
,,Storage Specialist - Gold,+62-31-5328382,,
,,Services Delivery Specialist - Gold,customer_care@berca.co.id/bintoro.yuwono@berca.co.,,
,,Hyper-converged Specialist,Visit Website,,
,,Big Data Platform Specialist - Silver,,,
,,Sever Specialist - Gold,,,
,,Networking Specialist - Gold,,,
Berca Computel,SILVER Partner,Services Specialist - Gold,JL.Tegal SariNo. 2H,+62-31-5455376,customer_care@berca.co.id/bintoro.yuwono@berca.co.
,,Converged Infrastructure Specialist - Platinum,"Surabaya, East Java 60262",,
,,Storage Specialist - Gold,+62-31-5455376,,
,,Services Delivery Specialist - Gold,customer_care@berca.co.id/bintoro.yuwono@berca.co.,,
,,Hyper-converged Specialist,Visit Website,,
,,Big Data Platform Specialist - Silver,,,
,,Sever Specialist - Gold,,,
,,Networking Specialist - Gold,,,
Berca Hardayaperkasa,SILVER Partner,Services Specialist - Gold,Wisma Dharmala 10th floor Suite 3AJl Panglima Sudirman 101-103,+62-31-5455376,customer_care@berca.co.id/bintoro.yuwono@berca.co.
,,Converged Infrastructure Specialist - Platinum,"Surabaya, East Java 60271",,
,,Storage Specialist - Gold,+62-31-5468900,,
,,Services Delivery Specialist - Gold,customer_care@berca.co.id/bintoro.yuwono@berca.co.,,
,,Hyper-converged Specialist,Visit Website,,
,,Big Data Platform Specialist - Silver,,,
,,Sever Specialist - Gold,,,
,,Networking Specialist - Gold,,,
"Berca Hardayaperkasa, PT",SILVER Partner,Services Specialist - Gold,Jl. MT. Haryono(ring road) AA5 No.16-17,+62-31-5455376,customer_care@berca.co.id/bintoro.yuwono@berca.co.
,,Converged Infrastructure Specialist - Platinum,"Balikpapan, East Kalimantan 76114",,
,,Storage Specialist - Gold,+62-542-878272,,
,,Services Delivery Specialist - Gold,customer_care@berca.co.id/bintoro.yuwono@berca.co.,,
,,Hyper-converged Specialist,Visit Website,,
,,Big Data Platform Specialist - Silver,,,
,,Sever Specialist - Gold,,,
,,Networking Specialist - Gold,,,
Berca Computel,SILVER Partner,Services Specialist - Gold,Jl.MT Haryono519A,+62-31-5455376,customer_care@berca.co.id/bintoro.yuwono@berca.co.
,,Converged Infrastructure Specialist - Platinum,"Semarang, Central Java 50136",,
,,Storage Specialist - Gold,+62 24 8412525,,
,,Services Delivery Specialist - Gold,customer_care@berca.co.id/bintoro.yuwono@berca.co.,,
,,Hyper-converged Specialist,Visit Website,,
,,Big Data Platform Specialist - Silver,,,
,,Sever Specialist - Gold,,,
,,Networking Specialist - Gold,,,
Berca Computel,SILVER Partner,Services Specialist - Gold,Jl. KemuningNo. 7,+62-31-5455376,customer_care@berca.co.id/bintoro.yuwono@berca.co.
,,Converged Infrastructure Specialist - Platinum,"Surabaya, East Java 60272",,
,,Storage Specialist - Gold,+62-31-5328382,,
,,Services Delivery Specialist - Gold,customer_care@berca.co.id/bintoro.yuwono@berca.co.,,
,,Hyper-converged Specialist,Visit Website,,
,,Big Data Platform Specialist - Silver,,,
,,Sever Specialist - Gold,,,
,,Networking Specialist - Gold,,,
Berca Computel,SILVER Partner,Services Specialist - Gold,JL.Tegal SariNo. 2H,+62-31-5455376,customer_care@berca.co.id/bintoro.yuwono@berca.co.
,,Converged Infrastructure Specialist - Platinum,"Surabaya, East Java 60262",,
,,Storage Specialist - Gold,+62-31-5455376,,
,,Services Delivery Specialist - Gold,customer_care@berca.co.id/bintoro.yuwono@berca.co.,,
,,Hyper-converged Specialist,Visit Website,,
,,Big Data Platform Specialist - Silver,,,
,,Sever Specialist - Gold,,,
,,Networking Specialist - Gold,,,
Berca Hardayaperkasa,SILVER Partner,Services Specialist - Gold,Wisma Dharmala 10th floor Suite 3AJl Panglima Sudirman 101-103,+62-31-5455376,customer_care@berca.co.id/bintoro.yuwono@berca.co.
,,Converged Infrastructure Specialist - Platinum,"Surabaya, East Java 60271",,
,,Storage Specialist - Gold,+62-31-5468900,,
,,Services Delivery Specialist - Gold,customer_care@berca.co.id/bintoro.yuwono@berca.co.,,
,,Hyper-converged Specialist,Visit Website,,
,,Big Data Platform Specialist - Silver,,,
,,Sever Specialist - Gold,,,
,,Networking Specialist - Gold,,,
"Berca Hardayaperkasa, PT",SILVER Partner,Services Specialist - Gold,Jl. MT. Haryono(ring road) AA5 No.16-17,+62-31-5455376,customer_care@berca.co.id/bintoro.yuwono@berca.co.
,,Converged Infrastructure Specialist - Platinum,"Balikpapan, East Kalimantan 76114",,
,,Storage Specialist - Gold,+62-542-878272,,
,,Services Delivery Specialist - Gold,customer_care@berca.co.id/bintoro.yuwono@berca.co.,,
,,Hyper-converged Specialist,Visit Website,,
,,Big Data Platform Specialist - Silver,,,
,,Sever Specialist - Gold,,,
,,Networking Specialist - Gold,,,
"Berca Hardayaperkasa, PT",SILVER Partner,Services Specialist - Gold,Jl. Abdul Muis No. 62,+62-31-5455376,customer_care@berca.co.id/bintoro.yuwono@berca.co.
,,Converged Infrastructure Specialist - Platinum,"Jakarta, Spec Reg Jakarta 10160",,
,,Storage Specialist - Gold,+62 21 3800902,,
,,Services Delivery Specialist - Gold,customer_care@berca.co.id/bintoro.yuwono@berca.co.,,
,,Hyper-converged Specialist,Visit Website,,
,,Big Data Platform Specialist - Silver,,,
,,Sever Specialist - Gold,,,
,,Networking Specialist - Silver,,,
Bercanet,SILVER Partner,Services Specialist - Gold,Jalan Tomang Raya 40 Tomang,+62-31-5455376,customer_care@berca.co.id/bintoro.yuwono@berca.co.
,,Converged Infrastructure Specialist - Platinum,"Jakarta, Spec Reg Jakarta 10150",,
,,Storage Specialist - Gold,+62-21-568-1760,,
,,Services Delivery Specialist - Gold,bennyk@berca.co.id,,
,,Hyper-converged Specialist,Visit Website,,
,,Big Data Platform Specialist - Silver,,,
,,Sever Specialist - Gold,,,
,,Networking Specialist - Silver,,,
Berca Computel,SILVER Partner,Services Specialist - Gold,M2M Lt. 3 No. 10AJl. Mangga Dua Raya Mangga Dua,+62-31-5455376,customer_care@berca.co.id/bintoro.yuwono@berca.co.
,,Converged Infrastructure Specialist - Platinum,"Jakarta, Spec Reg Jakarta 10730",,
,,Storage Specialist - Gold,+62-21-6128588-9,,
,,Services Delivery Specialist - Gold,customer_care@berca.co.id/bintoro.yuwono@berca.co.,,
,,Hyper-converged Specialist,Visit Website,,
,,Big Data Platform Specialist - Silver,,,
,,Sever Specialist - Gold,,,
,,Networking Specialist - Silver,,,
Berca Indonesia,SILVER Partner,Services Specialist - Gold,Menara BRI Lt.9 Suite 902Jl.Asia Afrika 57-59,+62-31-5455376,customer_care@berca.co.id/bintoro.yuwono@berca.co.
,,Converged Infrastructure Specialist - Platinum,"Bandung, West Java 40262",,
,,Storage Specialist - Gold,+62-22-4211071-73,,
,,Services Delivery Specialist - Gold,customer_care@berca.co.id/bintoro.yuwono@berca.co.,,
,,Hyper-converged Specialist,Visit Website,,
,,Big Data Platform Specialist - Silver,,,
,,Sever Specialist - Gold,,,
,,Networking Specialist - Silver,,,
Berca Hardayaperkasa,SILVER Partner,Services Specialist - Gold,Jl Imam BonjolGedung Dana Graha 2nd floor suite 206-8,+62-31-5455376,customer_care@berca.co.id/bintoro.yuwono@berca.co.
,,Converged Infrastructure Specialist - Platinum,"Batam, Riau 29432",,
,,Storage Specialist - Gold,+62-778-427912,,
,,Services Delivery Specialist - Gold,customer_care@berca.co.id/bintoro.yuwono@berca.co.,,
,,Hyper-converged Specialist,Visit Website,,
,,Big Data Platform Specialist - Silver,,,
,,Sever Specialist - Gold,,,
,,Networking Specialist - Silver,,,
"Berca Hardayaperkasa, PT",SILVER Partner,Services Specialist - Gold,Jl. Abdul Muis No. 62,+62-31-5455376,customer_care@berca.co.id/bintoro.yuwono@berca.co.
,,Converged Infrastructure Specialist - Platinum,"Jakarta, Spec Reg Jakarta 10160",,
,,Storage Specialist - Gold,+62 21 3800902,,
,,Services Delivery Specialist - Gold,customer_care@berca.co.id/bintoro.yuwono@berca.co.,,
,,Hyper-converged Specialist,Visit Website,,
,,Big Data Platform Specialist - Silver,,,
,,Sever Specialist - Gold,,,
,,Networking Specialist - Silver,,,
"Berca Hardayaperkasa, PT",SILVER Partner,Services Specialist - Gold,BRI Towers Lt.9 Suite 902Jl . Asia Afrika 57-59,+62-31-5455376,customer_care@berca.co.id/bintoro.yuwono@berca.co.
,,Converged Infrastructure Specialist - Platinum,"Bandung, West Java 40111",,
,,Storage Specialist - Gold,+62-22-4211071,,
,,Services Delivery Specialist - Gold,customer_care@berca.co.id/bintoro.yuwono@berca.co.,,
,,Hyper-converged Specialist,Visit Website,,
,,Big Data Platform Specialist - Silver,,,
,,Sever Specialist - Gold,,,
,,Networking Specialist - Silver,,,
"Berca Informatika Teknologi, PT",SILVER Partner,Services Specialist - Gold,Jl. Abdul Muis No. 62Kel. Petojo Selatan Kec. Gambir,+62-31-5455376,customer_care@berca.co.id/bintoro.yuwono@berca.co.
,,Converged Infrastructure Specialist - Platinum,"Jakarta, Spec Reg Jakarta 10160",,
,,Storage Specialist - Gold,62-21-3800902,,
,,Services Delivery Specialist - Gold,bintoro.yuwono@berca.co.id,,
,,Hyper-converged Specialist,Visit Website,,
,,Big Data Platform Specialist - Silver,,,
,,Sever Specialist - Gold,,,
,,Networking Specialist - Silver,,,
"Berca Hardayaperkasa, PT",SILVER Partner,Services Specialist - Gold,Kompleks Riau Business Centre (RBC)Jl. Riau Blok F/28,+62-31-5455376,customer_care@berca.co.id/bintoro.yuwono@berca.co.
,,Converged Infrastructure Specialist - Platinum,"Pekanbaru, Riau 28192",,
,,Storage Specialist - Gold,+62-81807017075,,
,,Services Delivery Specialist - Gold,customer_care@berca.co.id/bintoro.yuwono@berca.co.,,
,,Hyper-converged Specialist,Visit Website,,
,,Big Data Platform Specialist - Silver,,,
,,Sever Specialist - Gold,,,
,,Networking Specialist - Silver,,,
Bercanet,SILVER Partner,Services Specialist - Gold,Jalan Tomang Raya 40 Tomang,+62-31-5455376,customer_care@berca.co.id/bintoro.yuwono@berca.co.
,,Converged Infrastructure Specialist - Platinum,"Jakarta, Spec Reg Jakarta 10150",,
,,Storage Specialist - Gold,+62-21-568-1760,,
,,Services Delivery Specialist - Gold,bennyk@berca.co.id,,
,,Hyper-converged Specialist,Visit Website,,
,,Big Data Platform Specialist - Silver,,,
,,Sever Specialist - Gold,,,
,,Networking Specialist - Silver,,,
Berca Computel,SILVER Partner,Services Specialist - Gold,M2M Lt. 3 No. 10AJl. Mangga Dua Raya Mangga Dua,+62-31-5455376,customer_care@berca.co.id/bintoro.yuwono@berca.co.
,,Converged Infrastructure Specialist - Platinum,"Jakarta, Spec Reg Jakarta 10730",,
,,Storage Specialist - Gold,+62-21-6128588-9,,
,,Services Delivery Specialist - Gold,customer_care@berca.co.id/bintoro.yuwono@berca.co.,,
,,Hyper-converged Specialist,Visit Website,,
,,Big Data Platform Specialist - Silver,,,
,,Sever Specialist - Gold,,,
,,Networking Specialist - Silver,,,
Berca Indonesia,SILVER Partner,Services Specialist - Gold,Menara BRI Lt.9 Suite 902Jl.Asia Afrika 57-59,+62-31-5455376,customer_care@berca.co.id/bintoro.yuwono@berca.co.
,,Converged Infrastructure Specialist - Platinum,"Bandung, West Java 40262",,
,,Storage Specialist - Gold,+62-22-4211071-73,,
,,Services Delivery Specialist - Gold,customer_care@berca.co.id/bintoro.yuwono@berca.co.,,
,,Hyper-converged Specialist,Visit Website,,
,,Big Data Platform Specialist - Silver,,,
,,Sever Specialist - Gold,,,
,,Networking Specialist - Silver,,,
Berca Hardayaperkasa,SILVER Partner,Services Specialist - Gold,Jl Imam BonjolGedung Dana Graha 2nd floor suite 206-8,+62-778-427912,customer_care@berca.co.id/bintoro.yuwono@berca.co.
,,Converged Infrastructure Specialist - Platinum,"Batam, Riau 29432",,
,,Storage Specialist - Gold,+62-778-427912,,
,,Services Delivery Specialist - Gold,customer_care@berca.co.id/bintoro.yuwono@berca.co.,,
,,Hyper-converged Specialist,Visit Website,,
,,Big Data Platform Specialist - Silver,,,
,,Sever Specialist - Gold,,,
,,Networking Specialist - Silver,,,
"Berca Hardayaperkasa, PT",SILVER Partner,Services Specialist - Gold,Jl. Abdul Muis No. 62,+62-778-427912,customer_care@berca.co.id/bintoro.yuwono@berca.co.
,,Converged Infrastructure Specialist - Platinum,"Jakarta, Spec Reg Jakarta 10160",,
,,Storage Specialist - Gold,+62 21 3800902,,
,,Services Delivery Specialist - Gold,customer_care@berca.co.id/bintoro.yuwono@berca.co.,,
,,Hyper-converged Specialist,Visit Website,,
,,Big Data Platform Specialist - Silver,,,
,,Sever Specialist - Gold,,,
,,Networking Specialist - Silver,,,
"Berca Hardayaperkasa, PT",SILVER Partner,Services Specialist - Gold,BRI Towers Lt.9 Suite 902Jl . Asia Afrika 57-59,+62-778-427912,customer_care@berca.co.id/bintoro.yuwono@berca.co.
,,Converged Infrastructure Specialist - Platinum,"Bandung, West Java 40111",,
,,Storage Specialist - Gold,+62-22-4211071,,
,,Services Delivery Specialist - Gold,customer_care@berca.co.id/bintoro.yuwono@berca.co.,,
,,Hyper-converged Specialist,Visit Website,,
,,Big Data Platform Specialist - Silver,,,
,,Sever Specialist - Gold,,,
,,Networking Specialist - Silver,,,
"Berca Informatika Teknologi, PT",SILVER Partner,Services Specialist - Gold,Jl. Abdul Muis No. 62Kel. Petojo Selatan Kec. Gambir,+62-778-427912,customer_care@berca.co.id/bintoro.yuwono@berca.co.
,,Converged Infrastructure Specialist - Platinum,"Jakarta, Spec Reg Jakarta 10160",,
,,Storage Specialist - Gold,62-21-3800902,,
,,Services Delivery Specialist - Gold,bintoro.yuwono@berca.co.id,,
,,Hyper-converged Specialist,Visit Website,,
,,Big Data Platform Specialist - Silver,,,
,,Sever Specialist - Gold,,,
,,Networking Specialist - Silver,,,
"Berca Hardayaperkasa, PT",SILVER Partner,Services Specialist - Gold,Kompleks Riau Business Centre (RBC)Jl. Riau Blok F/28,+62-778-427912,customer_care@berca.co.id/bintoro.yuwono@berca.co.
,,Converged Infrastructure Specialist - Platinum,"Pekanbaru, Riau 28192",,
,,Storage Specialist - Gold,+62-81807017075,,
,,Services Delivery Specialist - Gold,customer_care@berca.co.id/bintoro.yuwono@berca.co.,,
,,Hyper-converged Specialist,Visit Website,,
,,Big Data Platform Specialist - Silver,,,
,,Sever Specialist - Gold,,,
,,Networking Specialist - Silver,,,
Bercanet,SILVER Partner,Services Specialist - Gold,Jalan Tomang Raya 40 Tomang,+62-778-427912,customer_care@berca.co.id/bintoro.yuwono@berca.co.
,,Converged Infrastructure Specialist - Platinum,"Jakarta, Spec Reg Jakarta 10150",,
,,Storage Specialist - Gold,+62-21-568-1760,,
,,Services Delivery Specialist - Gold,bennyk@berca.co.id,,
,,Hyper-converged Specialist,Visit Website,,
,,Big Data Platform Specialist - Silver,,,
,,Sever Specialist - Gold,,,
,,Networking Specialist - Silver,,,
Berca Computel,SILVER Partner,Services Specialist - Gold,M2M Lt. 3 No. 10AJl. Mangga Dua Raya Mangga Dua,+62-778-427912,customer_care@berca.co.id/bintoro.yuwono@berca.co.
,,Converged Infrastructure Specialist - Platinum,"Jakarta, Spec Reg Jakarta 10730",,
,,Storage Specialist - Gold,+62-21-6128588-9,,
,,Services Delivery Specialist - Gold,customer_care@berca.co.id/bintoro.yuwono@berca.co.,,
,,Hyper-converged Specialist,Visit Website,,
,,Big Data Platform Specialist - Silver,,,
,,Sever Specialist - Gold,,,
,,Networking Specialist - Silver,,,
Berca Indonesia,SILVER Partner,Services Specialist - Gold,Menara BRI Lt.9 Suite 902Jl.Asia Afrika 57-59,+62-778-427912,customer_care@berca.co.id/bintoro.yuwono@berca.co.
,,Converged Infrastructure Specialist - Platinum,"Bandung, West Java 40262",,
,,Storage Specialist - Gold,+62-22-4211071-73,,
,,Services Delivery Specialist - Gold,customer_care@berca.co.id/bintoro.yuwono@berca.co.,,
,,Hyper-converged Specialist,Visit Website,,
,,Big Data Platform Specialist - Silver,,,
,,Sever Specialist - Gold,,,
,,Networking Specialist - Silver,,,
Berca Hardayaperkasa,SILVER Partner,Services Specialist - Gold,Jl Imam BonjolGedung Dana Graha 2nd floor suite 206-8,+62-778-427912,customer_care@berca.co.id/bintoro.yuwono@berca.co.
,,Converged Infrastructure Specialist - Platinum,"Batam, Riau 29432",,
,,Storage Specialist - Gold,+62-778-427912,,
,,Services Delivery Specialist - Gold,customer_care@berca.co.id/bintoro.yuwono@berca.co.,,
,,Hyper-converged Specialist,Visit Website,,
,,Big Data Platform Specialist - Silver,,,
,,Sever Specialist - Gold,,,
,,Networking Specialist - Silver,,,
"Berca Hardayaperkasa, PT",SILVER Partner,Services Specialist - Gold,Jl. Abdul Muis No. 62,+62-778-427912,customer_care@berca.co.id/bintoro.yuwono@berca.co.
,,Converged Infrastructure Specialist - Platinum,"Jakarta, Spec Reg Jakarta 10160",,
,,Storage Specialist - Gold,+62 21 3800902,,
,,Services Delivery Specialist - Gold,customer_care@berca.co.id/bintoro.yuwono@berca.co.,,
,,Hyper-converged Specialist,Visit Website,,
,,Big Data Platform Specialist - Silver,,,
,,Sever Specialist - Gold,,,
,,Networking Specialist - Silver,,,
"Berca Hardayaperkasa, PT",SILVER Partner,Services Specialist - Gold,BRI Towers Lt.9 Suite 902Jl . Asia Afrika 57-59,+62-778-427912,customer_care@berca.co.id/bintoro.yuwono@berca.co.
,,Converged Infrastructure Specialist - Platinum,"Bandung, West Java 40111",,
,,Storage Specialist - Gold,+62-22-4211071,,
,,Services Delivery Specialist - Gold,customer_care@berca.co.id/bintoro.yuwono@berca.co.,,
,,Hyper-converged Specialist,Visit Website,,
,,Big Data Platform Specialist - Silver,,,
,,Sever Specialist - Gold,,,
,,Networking Specialist - Silver,,,
"Berca Informatika Teknologi, PT",SILVER Partner,Services Specialist - Gold,Jl. Abdul Muis No. 62Kel. Petojo Selatan Kec. Gambir,+62-778-427912,customer_care@berca.co.id/bintoro.yuwono@berca.co.
,,Converged Infrastructure Specialist - Platinum,"Jakarta, Spec Reg Jakarta 10160",,
,,Storage Specialist - Gold,62-21-3800902,,
,,Services Delivery Specialist - Gold,bintoro.yuwono@berca.co.id,,
,,Hyper-converged Specialist,Visit Website,,
,,Big Data Platform Specialist - Silver,,,
,,Sever Specialist - Gold,,,
,,Networking Specialist - Silver,,,
"Berca Hardayaperkasa, PT",SILVER Partner,Services Specialist - Gold,Kompleks Riau Business Centre (RBC)Jl. Riau Blok F/28,+62-778-427912,customer_care@berca.co.id/bintoro.yuwono@berca.co.
,,Converged Infrastructure Specialist - Platinum,"Pekanbaru, Riau 28192",,
,,Storage Specialist - Gold,+62-81807017075,,
,,Services Delivery Specialist - Gold,customer_care@berca.co.id/bintoro.yuwono@berca.co.,,
,,Hyper-converged Specialist,Visit Website,,
,,Big Data Platform Specialist - Silver,,,
,,Sever Specialist - Gold,,,
,,Networking Specialist - Silver,,,
Bercanet,SILVER Partner,Services Specialist - Gold,Jalan Tomang Raya 40 Tomang,+62-778-427912,customer_care@berca.co.id/bintoro.yuwono@berca.co.
,,Converged Infrastructure Specialist - Platinum,"Jakarta, Spec Reg Jakarta 10150",,
,,Storage Specialist - Gold,+62-21-568-1760,,
,,Services Delivery Specialist - Gold,bennyk@berca.co.id,,
,,Hyper-converged Specialist,Visit Website,,
,,Big Data Platform Specialist - Silver,,,
,,Sever Specialist - Gold,,,
,,Networking Specialist - Silver,,,
Berca Computel,SILVER Partner,Services Specialist - Gold,M2M Lt. 3 No. 10AJl. Mangga Dua Raya Mangga Dua,+62-778-427912,customer_care@berca.co.id/bintoro.yuwono@berca.co.
,,Converged Infrastructure Specialist - Platinum,"Jakarta, Spec Reg Jakarta 10730",,
,,Storage Specialist - Gold,+62-21-6128588-9,,
,,Services Delivery Specialist - Gold,customer_care@berca.co.id/bintoro.yuwono@berca.co.,,
,,Hyper-converged Specialist,Visit Website,,
,,Big Data Platform Specialist - Silver,,,
,,Sever Specialist - Gold,,,
,,Networking Specialist - Silver,,,
Berca Indonesia,SILVER Partner,Services Specialist - Gold,Menara BRI Lt.9 Suite 902Jl.Asia Afrika 57-59,+62-778-427912,customer_care@berca.co.id/bintoro.yuwono@berca.co.
,,Converged Infrastructure Specialist - Platinum,"Bandung, West Java 40262",,
,,Storage Specialist - Gold,+62-22-4211071-73,,
,,Services Delivery Specialist - Gold,customer_care@berca.co.id/bintoro.yuwono@berca.co.,,
,,Hyper-converged Specialist,Visit Website,,
,,Big Data Platform Specialist - Silver,,,
,,Sever Specialist - Gold,,,
,,Networking Specialist - Silver,,,
Berca Hardayaperkasa,SILVER Partner,Services Specialist - Gold,Jl Imam BonjolGedung Dana Graha 2nd floor suite 206-8,+62-778-427912,customer_care@berca.co.id/bintoro.yuwono@berca.co.
,,Converged Infrastructure Specialist - Platinum,"Batam, Riau 29432",,
,,Storage Specialist - Gold,+62-778-427912,,
,,Services Delivery Specialist - Gold,customer_care@berca.co.id/bintoro.yuwono@berca.co.,,
,,Hyper-converged Specialist,Visit Website,,
,,Big Data Platform Specialist - Silver,,,
,,Sever Specialist - Gold,,,
,,Networking Specialist - Silver,,,
"Berca Hardayaperkasa, PT",SILVER Partner,Services Specialist - Gold,BRI Towers Lt.9 Suite 902Jl . Asia Afrika 57-59,+62-778-427912,customer_care@berca.co.id/bintoro.yuwono@berca.co.
,,Converged Infrastructure Specialist - Platinum,"Bandung, West Java 40111",,
,,Storage Specialist - Gold,+62-22-4211071,,
,,Services Delivery Specialist - Gold,customer_care@berca.co.id/bintoro.yuwono@berca.co.,,
,,Hyper-converged Specialist,Visit Website,,
,,Big Data Platform Specialist - Silver,,,
,,Sever Specialist - Gold,,,
,,Networking Specialist - Silver,,,
"Berca Informatika Teknologi, PT",SILVER Partner,Services Specialist - Gold,Jl. Abdul Muis No. 62Kel. Petojo Selatan Kec. Gambir,+62-778-427912,customer_care@berca.co.id/bintoro.yuwono@berca.co.
,,Converged Infrastructure Specialist - Platinum,"Jakarta, Spec Reg Jakarta 10160",,
,,Storage Specialist - Gold,62-21-3800902,,
,,Services Delivery Specialist - Gold,bintoro.yuwono@berca.co.id,,
,,Hyper-converged Specialist,Visit Website,,
,,Big Data Platform Specialist - Silver,,,
,,Sever Specialist - Gold,,,
,,Networking Specialist - Silver,,,
"Berca Hardayaperkasa, PT",SILVER Partner,Services Specialist - Gold,Kompleks Riau Business Centre (RBC)Jl. Riau Blok F/28,+62-778-427912,customer_care@berca.co.id/bintoro.yuwono@berca.co.
,,Converged Infrastructure Specialist - Platinum,"Pekanbaru, Riau 28192",,
,,Storage Specialist - Gold,+62-81807017075,,
,,Services Delivery Specialist - Gold,customer_care@berca.co.id/bintoro.yuwono@berca.co.,,
,,Hyper-converged Specialist,Visit Website,,
,,Big Data Platform Specialist - Silver,,,
,,Sever Specialist - Gold,,,
,,Networking Specialist - Silver,,,
"Metrocom Jaddi Technology, PT",SILVER Partner,Services Specialist - Silver,Jl. Dr.SupomoNo.290 Tebet,+62-021-83700160,indra@metrocomjaddi.com
,,Storage Specialist - Gold,"Jakarta, Spec Reg Jakarta 12870",,
,,Sever Specialist - Silver,+62-021-83700160,,
,,,indra@metrocomjaddi.com,,
PT. Mandiri Citra Informasi Teknologi,SILVER Partner,Storage Specialist - Silver,Jl Jembatan III Barat AA RT/RW 022/008 Kel Penjaringan Kec Penjaringan,+62-021-83700160,indra@metrocomjaddi.com
,,Sever Specialist - Silver,"Jakarta Utara, 14450",,
,,Networking Specialist - Gold,622166691789,,
,,,benedict @matrainfotek.com,,
"Metrocom Jaddi Technology, PT",SILVER Partner,Services Specialist - Silver,Jl. Dr.SupomoNo.290 Tebet,+62-021-83700160,indra@metrocomjaddi.com
,,Storage Specialist - Gold,"Jakarta, Spec Reg Jakarta 12870",,
,,Sever Specialist - Silver,+62-021-83700160,,
,,,indra@metrocomjaddi.com,,
PT. Mandiri Citra Informasi Teknologi,SILVER Partner,Storage Specialist - Silver,Jl Jembatan III Barat AA RT/RW 022/008 Kel Penjaringan Kec Penjaringan,+62-021-83700160,indra@metrocomjaddi.com
,,Sever Specialist - Silver,"Jakarta Utara, 14450",,
,,Networking Specialist - Gold,622166691789,,
,,,benedict @matrainfotek.com,,
"Metrocom Jaddi Technology, PT",SILVER Partner,Services Specialist - Silver,Jl. Dr.SupomoNo.290 Tebet,+62-021-83700160,indra@metrocomjaddi.com
,,Storage Specialist - Gold,"Jakarta, Spec Reg Jakarta 12870",,
,,Sever Specialist - Silver,+62-021-83700160,,
,,,indra@metrocomjaddi.com,,
PT. Mandiri Citra Informasi Teknologi,SILVER Partner,Storage Specialist - Silver,Jl Jembatan III Barat AA RT/RW 022/008 Kel Penjaringan Kec Penjaringan,+62-021-83700160,indra@metrocomjaddi.com
,,Sever Specialist - Silver,"Jakarta Utara, 14450",,
,,Networking Specialist - Gold,622166691789,,
,,,benedict @matrainfotek.com,,
"Metrocom Jaddi Technology, PT",SILVER Partner,Services Specialist - Silver,Jl. Dr.SupomoNo.290 Tebet,+62-021-83700160,indra@metrocomjaddi.com
,,Storage Specialist - Gold,"Jakarta, Spec Reg Jakarta 12870",,
,,Sever Specialist - Silver,+62-021-83700160,,
,,,indra@metrocomjaddi.com,,
PT. Mandiri Citra Informasi Teknologi,SILVER Partner,Storage Specialist - Silver,Jl Jembatan III Barat AA RT/RW 022/008 Kel Penjaringan Kec Penjaringan,+62-021-83700160,indra@metrocomjaddi.com
,,Sever Specialist - Silver,"Jakarta Utara, 14450",,
,,Networking Specialist - Gold,622166691789,,
,,,benedict @matrainfotek.com,,
"Access Lintas Solusi, PT",SILVER Partner,Storage Specialist - Silver,Jl Palmerah Utara No 14Gedung Berca Indonesia Lantai 4 Ruang 403,+62-021-83700160,indra@metrocomjaddi.com
,,Sever Specialist - Silver,"Jakarta, Spec Reg Jakarta 11480",,
,,,+62-21-5349380,,
,,,fendrianto_hie@yahoo.co.id,,
Karlin Mastrindo,SILVER Partner,Storage Specialist - Silver,Berca Building 3rd Floor R 30314 Jl. Palmerah Utara,+62-021-83700160,indra@metrocomjaddi.com
,,Sever Specialist - Silver,"Jakarta, Spec Reg Jakarta 11480",,
,,,+62 21 5324990,,
,,,djaja.wiguna@karlin-mastrindo.com,,
"Access Micro Sistem, PT",SILVER Partner,Storage Specialist - Silver,Jl Palmerah Utara Gedung CentralmasNo 14 Pacific Lantai 1 Suite 101 Kel Palmerah Kec Palmerah,+62-021-83700160,indra@metrocomjaddi.com
,,Sever Specialist - Silver,"Jakarta, Spec Reg Jakarta 11480",,
,,,+62-21-5349380,,
,,,ella@myaccess.co.id,,
"Access Lintas Solusi, PT",SILVER Partner,Storage Specialist - Silver,Jl Palmerah Utara No 14Gedung Berca Indonesia Lantai 4 Ruang 403,+62-021-83700160,indra@metrocomjaddi.com
,,Sever Specialist - Silver,"Jakarta, Spec Reg Jakarta 11480",,
,,,+62-21-5349380,,
,,,fendrianto_hie@yahoo.co.id,,
Karlin Mastrindo,SILVER Partner,Storage Specialist - Silver,Berca Building 3rd Floor R 30314 Jl. Palmerah Utara,+62-021-83700160,indra@metrocomjaddi.com
,,Sever Specialist - Silver,"Jakarta, Spec Reg Jakarta 11480",,
,,,+62 21 5324990,,
,,,djaja.wiguna@karlin-mastrindo.com,,
"Access Micro Sistem, PT",SILVER Partner,Storage Specialist - Silver,Jl Palmerah Utara Gedung CentralmasNo 14 Pacific Lantai 1 Suite 101 Kel Palmerah Kec Palmerah,+62-021-83700160,indra@metrocomjaddi.com
,,Sever Specialist - Silver,"Jakarta, Spec Reg Jakarta 11480",,
,,,+62-21-5349380,,
,,,ella@myaccess.co.id,,
"Access Lintas Solusi, PT",SILVER Partner,Storage Specialist - Silver,Jl Palmerah Utara No 14Gedung Berca Indonesia Lantai 4 Ruang 403,+62-021-83700160,indra@metrocomjaddi.com
,,Sever Specialist - Silver,"Jakarta, Spec Reg Jakarta 11480",,
,,,+62-21-5349380,,
,,,fendrianto_hie@yahoo.co.id,,
Karlin Mastrindo,SILVER Partner,Storage Specialist - Silver,Berca Building 3rd Floor R 30314 Jl. Palmerah Utara,+62-021-83700160,indra@metrocomjaddi.com
,,Sever Specialist - Silver,"Jakarta, Spec Reg Jakarta 11480",,
,,,+62 21 5324990,,
,,,djaja.wiguna@karlin-mastrindo.com,,
"Access Micro Sistem, PT",SILVER Partner,Storage Specialist - Silver,Jl Palmerah Utara Gedung CentralmasNo 14 Pacific Lantai 1 Suite 101 Kel Palmerah Kec Palmerah,+62-021-83700160,indra@metrocomjaddi.com
,,Sever Specialist - Silver,"Jakarta, Spec Reg Jakarta 11480",,
,,,+62-21-5349380,,
,,,ella@myaccess.co.id,,
"Access Lintas Solusi, PT",SILVER Partner,Storage Specialist - Silver,Jl Palmerah Utara No 14Gedung Berca Indonesia Lantai 4 Ruang 403,+62-021-83700160,indra@metrocomjaddi.com
,,Sever Specialist - Silver,"Jakarta, Spec Reg Jakarta 11480",,
,,,+62-21-5349380,,
,,,fendrianto_hie@yahoo.co.id,,
Karlin Mastrindo,SILVER Partner,Storage Specialist - Silver,Berca Building 3rd Floor R 30314 Jl. Palmerah Utara,+62-021-83700160,indra@metrocomjaddi.com
,,Sever Specialist - Silver,"Jakarta, Spec Reg Jakarta 11480",,
,,,+62 21 5324990,,
,,,djaja.wiguna@karlin-mastrindo.com,,
"Access Micro Sistem, PT",SILVER Partner,Storage Specialist - Silver,Jl Palmerah Utara Gedung CentralmasNo 14 Pacific Lantai 1 Suite 101 Kel Palmerah Kec Palmerah,+62-021-83700160,indra@metrocomjaddi.com
,,Sever Specialist - Silver,"Jakarta, Spec Reg Jakarta 11480",,
,,,+62-21-5349380,,
,,,ella@myaccess.co.id,,
Sidola,BUSINESS Partner,Services Specialist - Silver,alan HR Rasuna Said KuninganRasuna Office Park III Unit UO-03 Rasuna Epicentrum,+62 22 4230230,zsahesty@sidola.com
,,Storage Specialist - Silver,"Jakarta, Spec Reg Jakarta 12960",,
,,Services Delivery Specialist - Silver,+62 22 4230230,,
,,Networking Specialist - Gold,zsahesty@sidola.com,,
,,,Visit Website,,
Sidola,BUSINESS Partner,Services Specialist - Silver,alan HR Rasuna Said KuninganRasuna Office Park III Unit UO-03 Rasuna Epicentrum,+62 22 4230230,zsahesty@sidola.com
,,Storage Specialist - Silver,"Jakarta, Spec Reg Jakarta 12960",,
,,Services Delivery Specialist - Silver,+62 22 4230230,,
,,Networking Specialist - Gold,zsahesty@sidola.com,,
,,,Visit Website,,
Sidola,BUSINESS Partner,Services Specialist - Silver,alan HR Rasuna Said KuninganRasuna Office Park III Unit UO-03 Rasuna Epicentrum,+62 22 4230230,zsahesty@sidola.com
,,Storage Specialist - Silver,"Jakarta, Spec Reg Jakarta 12960",,
,,Services Delivery Specialist - Silver,+62 22 4230230,,
,,Networking Specialist - Gold,zsahesty@sidola.com,,
,,,Visit Website,,
Sidola,BUSINESS Partner,Services Specialist - Silver,alan HR Rasuna Said KuninganRasuna Office Park III Unit UO-03 Rasuna Epicentrum,+62 22 4230230,zsahesty@sidola.com
,,Storage Specialist - Silver,"Jakarta, Spec Reg Jakarta 12960",,
,,Services Delivery Specialist - Silver,+62 22 4230230,,
,,Networking Specialist - Gold,zsahesty@sidola.com,,
,,,Visit Website,,
"Comindo Unggul Lestari, PT",BUSINESS Partner,Services Specialist - Silver,Jl. Danau JempangBlok B2 no 17,+62 22 4230230,zsahesty@sidola.com
,,Storage Specialist - Silver,"Jakarta, Spec Reg Jakarta 10210",,
,,Services Delivery Specialist - Silver,+62-21-5738525,,
,,Networking Specialist - Silver,zsahesty@sidola.com,,
,,,Visit Website,,
Sidola Computer Centre,BUSINESS Partner,Services Specialist - Silver,Jln. Purnawarman No.46,+62 22 4230230,zsahesty@sidola.com
,,Storage Specialist - Silver,"Bandung, West Java 40116",,
,,Services Delivery Specialist - Silver,+62 22 4230230,,
,,Networking Specialist - Silver,zsahesty@sidola.com,,
,,,Visit Website,,
"Comindo Unggul Lestari, PT",BUSINESS Partner,Services Specialist - Silver,Jl. Danau JempangBlok B2 no 17,+62 22 4230230,zsahesty@sidola.com
,,Storage Specialist - Silver,"Jakarta, Spec Reg Jakarta 10210",,
,,Services Delivery Specialist - Silver,+62-21-5738525,,
,,Networking Specialist - Silver,zsahesty@sidola.com,,
,,,Visit Website,,
Sidola Computer Centre,BUSINESS Partner,Services Specialist - Silver,Jln. Purnawarman No.46,+62 22 4230230,zsahesty@sidola.com
,,Storage Specialist - Silver,"Bandung, West Java 40116",,
,,Services Delivery Specialist - Silver,+62 22 4230230,,
,,Networking Specialist - Silver,zsahesty@sidola.com,,
,,,Visit Website,,
Sidola Computer Centre,BUSINESS Partner,Services Specialist - Silver,Jln. Purnawarman No.46,+62 22 4230230,zsahesty@sidola.com
,,Storage Specialist - Silver,"Bandung, West Java 40116",,
,,Services Delivery Specialist - Silver,+62 22 4230230,,
,,Networking Specialist - Silver,zsahesty@sidola.com,,
,,,Visit Website,,
"Comindo Unggul Lestari, PT",BUSINESS Partner,Services Specialist - Silver,Jl. Danau JempangBlok B2 no 17,+62 22 4230230,zsahesty@sidola.com
,,Storage Specialist - Silver,"Jakarta, Spec Reg Jakarta 10210",,
,,Services Delivery Specialist - Silver,+62-21-5738525,,
,,Networking Specialist - Silver,zsahesty@sidola.com,,
,,,Visit Website,,
"Comindo Unggul Lestari, PT",BUSINESS Partner,Services Specialist - Silver,Jl. Danau JempangBlok B2 no 17,+62 22 4230230,zsahesty@sidola.com
,,Storage Specialist - Silver,"Jakarta, Spec Reg Jakarta 10210",,
,,Services Delivery Specialist - Silver,+62-21-5738525,,
,,Networking Specialist - Silver,zsahesty@sidola.com,,
,,,Visit Website,,
Sidola Computer Centre,BUSINESS Partner,Services Specialist - Silver,Jln. Purnawarman No.46,+62 22 4230230,zsahesty@sidola.com
,,Storage Specialist - Silver,"Bandung, West Java 40116",,
,,Services Delivery Specialist - Silver,+62 22 4230230,,
,,Networking Specialist - Silver,zsahesty@sidola.com,,
,,,Visit Website,,
"Permata Anugrah Abadi, PT",BUSINESS Partner,Services Specialist - Silver,Jl.SupomoGraha Metrocom,+62 22 4230230,zsahesty@sidola.com
,,Storage Specialist - Gold,"Jakarta, Spec Reg Jakarta 12810",,
,,Sever Specialist - Silver,0618440283,,
,,,indra@metrocom.co.id,,
"Permata Anugrah Abadi, PT",BUSINESS Partner,Services Specialist - Silver,Jl.SupomoGraha Metrocom,+62 22 4230230,zsahesty@sidola.com
,,Storage Specialist - Gold,"Jakarta, Spec Reg Jakarta 12810",,
,,Sever Specialist - Silver,0618440283,,
,,,indra@metrocom.co.id,,
Fortius Solusi Informatika,BUSINESS Partner,Services Specialist - Silver,Jl.Jend.SudirmanWisma Nugra Santana Lt.2,+62 22 4230230,zsahesty@sidola.com
,,Storage Specialist - Silver,"Jakarta, Spec Reg Jakarta 10220",,
,,Sever Specialist - Gold,+62-21-57901111,,
,,,eddy_anthony/edo@mastersystem.co.id,,
,,,Visit Website,,
Mitra Sistim Komputindo,BUSINESS Partner,Services Specialist - Silver,Jl.Jend.Sudirman Kav. 7-8Wisma Nugra Santana Lt. 6,+62 22 4230230,zsahesty@sidola.com
,,Storage Specialist - Gold,"Jakarta, Spec Reg Jakarta 10220",,
,,Sever Specialist - Silver,+62-21-57901111,,
,,,amen@mastersystem.co.id,,
,,,Visit Website,,
Fortius Solusi Informatika,BUSINESS Partner,Services Specialist - Silver,Jl.Jend.SudirmanWisma Nugra Santana Lt.2,+62 22 4230230,zsahesty@sidola.com
,,Storage Specialist - Silver,"Jakarta, Spec Reg Jakarta 10220",,
,,Sever Specialist - Gold,+62-21-57901111,,
,,,eddy_anthony/edo@mastersystem.co.id,,
,,,Visit Website,,
Mitra Sistim Komputindo,BUSINESS Partner,Services Specialist - Silver,Jl.Jend.Sudirman Kav. 7-8Wisma Nugra Santana Lt. 6,+62 22 4230230,zsahesty@sidola.com
,,Storage Specialist - Gold,"Jakarta, Spec Reg Jakarta 10220",,
,,Sever Specialist - Silver,+62-21-57901111,,
,,,amen@mastersystem.co.id,,
,,,Visit Website,,
"Permata Anugrah Abadi, PT",BUSINESS Partner,Services Specialist - Silver,Jl.SupomoGraha Metrocom,+62 22 4230230,zsahesty@sidola.com
,,Storage Specialist - Gold,"Jakarta, Spec Reg Jakarta 12810",,
,,Sever Specialist - Silver,0618440283,,
,,,indra@metrocom.co.id,,
Mitra Sistim Komputindo,BUSINESS Partner,Services Specialist - Silver,Jl.Jend.Sudirman Kav. 7-8Wisma Nugra Santana Lt. 6,+62 22 4230230,zsahesty@sidola.com
,,Storage Specialist - Gold,"Jakarta, Spec Reg Jakarta 10220",,
,,Sever Specialist - Silver,+62-21-57901111,,
,,,amen@mastersystem.co.id,,
,,,Visit Website,,
Fortius Solusi Informatika,BUSINESS Partner,Services Specialist - Silver,Jl.Jend.SudirmanWisma Nugra Santana Lt.2,+62-21-57901111,eddy_anthony/edo@mastersystem.co.id
,,Storage Specialist - Silver,"Jakarta, Spec Reg Jakarta 10220",,
,,Sever Specialist - Gold,+62-21-57901111,,
,,,eddy_anthony/edo@mastersystem.co.id,,
,,,Visit Website,,
"Permata Anugrah Abadi, PT",BUSINESS Partner,Services Specialist - Silver,Jl.SupomoGraha Metrocom,+62-21-57901111,eddy_anthony/edo@mastersystem.co.id
,,Storage Specialist - Gold,"Jakarta, Spec Reg Jakarta 12810",,
,,Sever Specialist - Silver,0618440283,,
,,,indra@metrocom.co.id,,
Fortius Solusi Informatika,BUSINESS Partner,Services Specialist - Silver,Jl.Jend.SudirmanWisma Nugra Santana Lt.2,+62-21-57901111,eddy_anthony/edo@mastersystem.co.id
,,Storage Specialist - Silver,"Jakarta, Spec Reg Jakarta 10220",,
,,Sever Specialist - Gold,+62-21-57901111,,
,,,eddy_anthony/edo@mastersystem.co.id,,
,,,Visit Website,,
Mitra Sistim Komputindo,BUSINESS Partner,Services Specialist - Silver,Jl.Jend.Sudirman Kav. 7-8Wisma Nugra Santana Lt. 6,+62-21-57901111,eddy_anthony/edo@mastersystem.co.id
,,Storage Specialist - Gold,"Jakarta, Spec Reg Jakarta 10220",,
,,Sever Specialist - Silver,+62-21-57901111,,
,,,amen@mastersystem.co.id,,
,,,Visit Website,,
"Mastersystem Infotama, PT",BUSINESS Partner,Services Specialist - Silver,Jl Jend Sudirman Kav 7 - 86th Floor Gedung Nugra Santana,+62-21-57901111,eddy_anthony/edo@mastersystem.co.id
,,Storage Specialist - Silver,"Jakarta, Spec Reg Jakarta 10220",,
,,Sever Specialist - Silver,+62-21-57901111,,
,,,eddy_anthony/edo@mastersystem.co.id,,
,,,Visit Website,,
"Mastersystem Infotama, PT",BUSINESS Partner,Services Specialist - Silver,Jl Jend Sudirman Kav 7 - 86th Floor Gedung Nugra Santana,+62-21-57901111,eddy_anthony/edo@mastersystem.co.id
,,Storage Specialist - Silver,"Jakarta, Spec Reg Jakarta 10220",,
,,Sever Specialist - Silver,+62-21-57901111,,
,,,eddy_anthony/edo@mastersystem.co.id,,
,,,Visit Website,,
"Mastersystem Infotama, PT",BUSINESS Partner,Services Specialist - Silver,Jl Jend Sudirman Kav 7 - 86th Floor Gedung Nugra Santana,+62-21-57901111,eddy_anthony/edo@mastersystem.co.id
,,Storage Specialist - Silver,"Jakarta, Spec Reg Jakarta 10220",,
,,Sever Specialist - Silver,+62-21-57901111,,
,,,eddy_anthony/edo@mastersystem.co.id,,
,,,Visit Website,,
"Mastersystem Infotama, PT",BUSINESS Partner,Services Specialist - Silver,Jl Jend Sudirman Kav 7 - 86th Floor Gedung Nugra Santana,+62-21-57901111,eddy_anthony/edo@mastersystem.co.id
,,Storage Specialist - Silver,"Jakarta, Spec Reg Jakarta 10220",,
,,Sever Specialist - Silver,+62-21-57901111,,
,,,eddy_anthony/edo@mastersystem.co.id,,
,,,Visit Website,,
"Macro Trend Technology, PT",BUSINESS Partner,Storage Specialist - Silver,"Jl. RE. Martadinata, AncolRukan Mahkota Ancol Blok D No.12",+62-21-57901111,eddy_anthony/edo@mastersystem.co.id
,,Sever Specialist - Silver,"Jakarta, Spec Reg Jakarta 11230",,
,,,+62 21 47864481,,
,,,martin@macro-trend.com,,
"Macro Trend Technology, PT",BUSINESS Partner,Storage Specialist - Silver,"Jl. RE. Martadinata, AncolRukan Mahkota Ancol Blok D No.12",+62-21-57901111,eddy_anthony/edo@mastersystem.co.id
,,Sever Specialist - Silver,"Jakarta, Spec Reg Jakarta 11230",,
,,,+62 21 47864481,,
,,,martin@macro-trend.com,,
"Macro Trend Technology, PT",BUSINESS Partner,Storage Specialist - Silver,"Jl. RE. Martadinata, AncolRukan Mahkota Ancol Blok D No.12",+62-21-57901111,eddy_anthony/edo@mastersystem.co.id
,,Sever Specialist - Silver,"Jakarta, Spec Reg Jakarta 11230",,
,,,+62 21 47864481,,
,,,martin@macro-trend.com,,
"Macro Trend Technology, PT",BUSINESS Partner,Storage Specialist - Silver,"Jl. RE. Martadinata, AncolRukan Mahkota Ancol Blok D No.12",+62-21-57901111,eddy_anthony/edo@mastersystem.co.id
,,Sever Specialist - Silver,"Jakarta, Spec Reg Jakarta 11230",,
,,,+62 21 47864481,,
,,,martin@macro-trend.com,,
Microreksa Infonet,BUSINESS Partner,Storage Specialist - Gold,ITC ROXY MAS BLOK E1-2,+62-21-57901111,eddy_anthony/edo@mastersystem.co.id
,,,"Jakarta, Spec Reg Jakarta 10150",,
,,,+62-21-6327988,,
,,,Tonny_Ruswandi@microreksa.com,,
,,,Visit Website,,
Microreksa Infonet,BUSINESS Partner,Storage Specialist - Gold,ITC ROXY MAS BLOK E1-2,+62-21-57901111,eddy_anthony/edo@mastersystem.co.id
,,,"Jakarta, Spec Reg Jakarta 10150",,
,,,+62-21-6327988,,
,,,Tonny_Ruswandi@microreksa.com,,
,,,Visit Website,,
Microreksa Infonet,BUSINESS Partner,Storage Specialist - Gold,ITC ROXY MAS BLOK E1-2,+62-21-57901111,eddy_anthony/edo@mastersystem.co.id
,,,"Jakarta, Spec Reg Jakarta 10150",,
,,,+62-21-6327988,,
,,,Tonny_Ruswandi@microreksa.com,,
,,,Visit Website,,
Microreksa Infonet,BUSINESS Partner,Storage Specialist - Gold,ITC ROXY MAS BLOK E1-2,+62-21-57901111,eddy_anthony/edo@mastersystem.co.id
,,,"Jakarta, Spec Reg Jakarta 10150",,
,,,+62-21-6327988,,
,,,Tonny_Ruswandi@microreksa.com,,
,,,Visit Website,,
