,PLATINUM Partner,Hyper-converged Specialist,via Brennero 72,,info@acs.it
ACS DATA SYSTEMS SPA,,Networking Specialist - Gold,"Bressanone (BZ), 39042",,
,,Server Specialist - Gold,,,
,,Services Specialist - Gold,info@acs.it,,
,,Converged Infrastructure Specialist - Platinum,,,
,,Storage Specialist - Gold,,,
,PLATINUM Partner,Hyper-converged Specialist,via Brennero 72,,info@acs.it
ACS DATA SYSTEMS SPA,,Networking Specialist - Gold,"Bressanone (BZ), 39042",,
,,Server Specialist - Gold,,,
,,Services Specialist - Gold,info@acs.it,,
,,Converged Infrastructure Specialist - Platinum,,,
,,Storage Specialist - Gold,,,
,PLATINUM Partner,Hyper-converged Specialist,via Brennero 72,,info@acs.it
ACS DATA SYSTEMS SPA,,Networking Specialist - Gold,"Bressanone (BZ), 39042",,
,,Server Specialist - Gold,,,
,,Services Specialist - Gold,info@acs.it,,
,,Converged Infrastructure Specialist - Platinum,,,
,,Storage Specialist - Gold,,,
,PLATINUM Partner,Hyper-converged Specialist,via Brennero 72,,info@acs.it
ACS DATA SYSTEMS SPA,,Networking Specialist - Gold,"Bressanone (BZ), 39042",,
,,Server Specialist - Gold,,,
,,Services Specialist - Gold,info@acs.it,,
,,Converged Infrastructure Specialist - Platinum,,,
,,Storage Specialist - Gold,,,
,PLATINUM Partner,Hyper-converged Specialist,VIA BRENNERO 72,,info@acs.it
ACS DATA SYSTEMS SPA,,Networking Specialist - Gold,"Bressanone, 39042",,
,,Server Specialist - Gold,0039 0472 272727,,
,,Services Specialist - Gold,info@acs.it,,
,,Converged Infrastructure Specialist - Platinum,,,
,,Storage Specialist - Gold,,,
,PLATINUM Partner,Hyper-converged Specialist,VIA BRENNERO 72,,info@acs.it
ACS DATA SYSTEMS SPA,,Networking Specialist - Gold,"Bressanone, 39042",,
,,Server Specialist - Gold,0039 0472 272727,,
,,Services Specialist - Gold,info@acs.it,,
,,Converged Infrastructure Specialist - Platinum,,,
,,Storage Specialist - Gold,,,
,PLATINUM Partner,Hyper-converged Specialist,VIA BRENNERO 72,,info@acs.it
ACS DATA SYSTEMS SPA,,Networking Specialist - Gold,"Bressanone, 39042",,
,,Server Specialist - Gold,0039 0472 272727,,
,,Services Specialist - Gold,info@acs.it,,
,,Converged Infrastructure Specialist - Platinum,,,
,,Storage Specialist - Gold,,,
,PLATINUM Partner,Hyper-converged Specialist,VIA BRENNERO 72,,info@acs.it
ACS DATA SYSTEMS SPA,,Networking Specialist - Gold,"Bressanone, 39042",,
,,Server Specialist - Gold,0039 0472 272727,,
,,Services Specialist - Gold,info@acs.it,,
,,Converged Infrastructure Specialist - Platinum,,,
,,Storage Specialist - Gold,,,
,PLATINUM Partner,Hyper-converged Specialist,VIA TOLSTOJ 65 SAN GIULIANO,,info@acs.it
ACS DATA SYSTEMS SPA,,Networking Specialist - Gold,"MILANESE, 20098",,
,,Server Specialist - Gold,,,
,,Services Specialist - Gold,info@acs.it,,
,,Converged Infrastructure Specialist - Platinum,,,
,,Storage Specialist - Gold,,,
,PLATINUM Partner,Hyper-converged Specialist,VIA TOLSTOJ 65 SAN GIULIANO,,info@acs.it
ACS DATA SYSTEMS SPA,,Networking Specialist - Gold,"MILANESE, 20098",,
,,Server Specialist - Gold,,,
,,Services Specialist - Gold,info@acs.it,,
,,Converged Infrastructure Specialist - Platinum,,,
,,Storage Specialist - Gold,,,
,PLATINUM Partner,Hyper-converged Specialist,VIA TOLSTOJ 65 SAN GIULIANO,,info@acs.it
ACS DATA SYSTEMS SPA,,Networking Specialist - Gold,"MILANESE, 20098",,
,,Server Specialist - Gold,,,
,,Services Specialist - Gold,info@acs.it,,
,,Converged Infrastructure Specialist - Platinum,,,
,,Storage Specialist - Gold,,,
,PLATINUM Partner,Hyper-converged Specialist,VIA TOLSTOJ 65 SAN GIULIANO,,info@acs.it
ACS DATA SYSTEMS SPA,,Networking Specialist - Gold,"MILANESE, 20098",,
,,Server Specialist - Gold,,,
,,Services Specialist - Gold,info@acs.it,,
,,Converged Infrastructure Specialist - Platinum,,,
,,Storage Specialist - Gold,,,
,PLATINUM Partner,Hyper-converged Specialist,VIA INNSBRUCK 23,,info@acs.it
ACS DATA SYSTEMS SPA,,Networking Specialist - Gold,"TRENTO, 38121",,
,,Server Specialist - Gold,+39 461 1920710,,
,,Services Specialist - Gold,info@acs.it,,
,,Converged Infrastructure Specialist - Platinum,,,
,,Storage Specialist - Gold,,,
,PLATINUM Partner,Hyper-converged Specialist,VIALE BRIANZA 25,,info@acs.it
ACS DATA SYSTEMS SPA,,Networking Specialist - Gold,"CAMBIAGO, 20040",,
,,Server Specialist - Gold,,,
,,Services Specialist - Gold,info@acs.it,,
,,Converged Infrastructure Specialist - Platinum,,,
,,Storage Specialist - Gold,,,
,PLATINUM Partner,Hyper-converged Specialist,VIALE BRIANZA 25,,info@acs.it
ACS DATA SYSTEMS SPA,,Networking Specialist - Gold,"CAMBIAGO, 20040",,
,,Server Specialist - Gold,,,
,,Services Specialist - Gold,info@acs.it,,
,,Converged Infrastructure Specialist - Platinum,,,
,,Storage Specialist - Gold,,,
,PLATINUM Partner,Hyper-converged Specialist,VIALE BRIANZA 25,,info@acs.it
ACS DATA SYSTEMS SPA,,Networking Specialist - Gold,"CAMBIAGO, 20040",,
,,Server Specialist - Gold,,,
,,Services Specialist - Gold,info@acs.it,,
,,Converged Infrastructure Specialist - Platinum,,,
,,Storage Specialist - Gold,,,
,PLATINUM Partner,Hyper-converged Specialist,VIALE BRIANZA 25,,info@acs.it
ACS DATA SYSTEMS SPA,,Networking Specialist - Gold,"CAMBIAGO, 20040",,
,,Server Specialist - Gold,,,
,,Services Specialist - Gold,info@acs.it,,
,,Converged Infrastructure Specialist - Platinum,,,
,,Storage Specialist - Gold,,,
,PLATINUM Partner,Hyper-converged Specialist,VIA SANTA MARIA IN CAMPO 8 CAVENAGO,,info@acs.it
ACS DATA SYSTEMS SPA,,Networking Specialist - Gold,"BRIANZA, 20873",,
,,Server Specialist - Gold,,,
,,Services Specialist - Gold,info@acs.it,,
,,Converged Infrastructure Specialist - Platinum,,,
,,Storage Specialist - Gold,,,
,PLATINUM Partner,Hyper-converged Specialist,VIA SANTA MARIA IN CAMPO 8 CAVENAGO,,info@acs.it
ACS DATA SYSTEMS SPA,,Networking Specialist - Gold,"BRIANZA, 20873",,
,,Server Specialist - Gold,,,
,,Services Specialist - Gold,info@acs.it,,
,,Converged Infrastructure Specialist - Platinum,,,
,,Storage Specialist - Gold,,,
,PLATINUM Partner,Hyper-converged Specialist,VIA SANTA MARIA IN CAMPO 8 CAVENAGO,,info@acs.it
ACS DATA SYSTEMS SPA,,Networking Specialist - Gold,"BRIANZA, 20873",,
,,Server Specialist - Gold,,,
,,Services Specialist - Gold,info@acs.it,,
,,Converged Infrastructure Specialist - Platinum,,,
,,Storage Specialist - Gold,,,
,PLATINUM Partner,Hyper-converged Specialist,VIA MARTIN LUTHER KING 38/2,+39 514132611,info@cdmtc.it
CDM TECNOCONSULTING S.P.A.,,Networking Specialist - Gold,"BOLOGNA, 40132",,
,,Server Specialist - Gold,+39 514132611,,
,,Services Specialist - Gold,info@cdmtc.it,,
,,Cloud Builder Specialist - Gold,,,
,,Converged Infrastructure Specialist - Platinum,,,
,,Storage Specialist - Gold,,,
,PLATINUM Partner,Hyper-converged Specialist,VIA MARTIN LUTHER KING 38/2,+39 514132611,info@cdmtc.it
CDM TECNOCONSULTING S.P.A.,,Networking Specialist - Gold,"BOLOGNA, 40132",,
,,Server Specialist - Gold,+39 514132611,,
,,Services Specialist - Gold,info@cdmtc.it,,
,,Cloud Builder Specialist - Gold,,,
,,Converged Infrastructure Specialist - Platinum,,,
,,Storage Specialist - Gold,,,
,PLATINUM Partner,Hyper-converged Specialist,VIA MARTIN LUTHER KING 38/2,+39 514132611,info@cdmtc.it
CDM TECNOCONSULTING S.P.A.,,Networking Specialist - Gold,"BOLOGNA, 40132",,
,,Server Specialist - Gold,+39 514132611,,
,,Services Specialist - Gold,info@cdmtc.it,,
,,Cloud Builder Specialist - Gold,,,
,,Converged Infrastructure Specialist - Platinum,,,
,,Storage Specialist - Gold,,,
,PLATINUM Partner,Hyper-converged Specialist,VIA MARTIN LUTHER KING 38/2,+39 514132611,info@cdmtc.it
CDM TECNOCONSULTING S.P.A.,,Networking Specialist - Gold,"BOLOGNA, 40132",,
,,Server Specialist - Gold,+39 514132611,,
,,Services Specialist - Gold,info@cdmtc.it,,
,,Cloud Builder Specialist - Gold,,,
,,Converged Infrastructure Specialist - Platinum,,,
,,Storage Specialist - Gold,,,
,PLATINUM Partner,Hyper-converged Specialist,VIA TORRI BIANCHE 1 - PALAZZO,+39 514132611,info@cdmtc.it
CDM TECNOCONSULTING S.P.A.,,Networking Specialist - Gold,"VIMERCATE, MI 20059",,
,,Server Specialist - Gold,+39 3962961,,
,,Services Specialist - Gold,info@cdmtc.it,,
,,Cloud Builder Specialist - Gold,,,
,,Converged Infrastructure Specialist - Platinum,,,
,,Storage Specialist - Gold,,,
,PLATINUM Partner,Hyper-converged Specialist,VIA TORRI BIANCHE 1 - PALAZZO,+39 514132611,info@cdmtc.it
CDM TECNOCONSULTING S.P.A.,,Networking Specialist - Gold,"VIMERCATE, MI 20059",,
,,Server Specialist - Gold,+39 3962961,,
,,Services Specialist - Gold,info@cdmtc.it,,
,,Cloud Builder Specialist - Gold,,,
,,Converged Infrastructure Specialist - Platinum,,,
,,Storage Specialist - Gold,,,
,PLATINUM Partner,Hyper-converged Specialist,VIA TORRI BIANCHE 1 - PALAZZO,+39 514132611,info@cdmtc.it
CDM TECNOCONSULTING S.P.A.,,Networking Specialist - Gold,"VIMERCATE, MI 20059",,
,,Server Specialist - Gold,+39 3962961,,
,,Services Specialist - Gold,info@cdmtc.it,,
,,Cloud Builder Specialist - Gold,,,
,,Converged Infrastructure Specialist - Platinum,,,
,,Storage Specialist - Gold,,,
,PLATINUM Partner,Hyper-converged Specialist,VIA TORRI BIANCHE 1 - PALAZZO,+39 514132611,info@cdmtc.it
CDM TECNOCONSULTING S.P.A.,,Networking Specialist - Gold,"VIMERCATE, MI 20059",,
,,Server Specialist - Gold,+39 3962961,,
,,Services Specialist - Gold,info@cdmtc.it,,
,,Cloud Builder Specialist - Gold,,,
,,Converged Infrastructure Specialist - Platinum,,,
,,Storage Specialist - Gold,,,
,PLATINUM Partner,Hyper-converged Specialist,LARGO AMBRETTA CACCIARI 1/B,+39 514132611,info@cdmtc.it
CDM TECNOCONSULTING S.P.A.,,Networking Specialist - Gold,"PARMA, 43122",,
,,Server Specialist - Gold,+39 521480901,,
,,Services Specialist - Gold,info@cdmtc.it,,
,,Cloud Builder Specialist - Gold,,,
,,Converged Infrastructure Specialist - Platinum,,,
,,Storage Specialist - Gold,,,
,PLATINUM Partner,Hyper-converged Specialist,LARGO AMBRETTA CACCIARI 1/B,+39 514132611,info@cdmtc.it
CDM TECNOCONSULTING S.P.A.,,Networking Specialist - Gold,"PARMA, 43122",,
,,Server Specialist - Gold,+39 521480901,,
,,Services Specialist - Gold,info@cdmtc.it,,
,,Cloud Builder Specialist - Gold,,,
,,Converged Infrastructure Specialist - Platinum,,,
,,Storage Specialist - Gold,,,
,PLATINUM Partner,Hyper-converged Specialist,LARGO AMBRETTA CACCIARI 1/B,+39 514132611,info@cdmtc.it
CDM TECNOCONSULTING S.P.A.,,Networking Specialist - Gold,"PARMA, 43122",,
,,Server Specialist - Gold,+39 521480901,,
,,Services Specialist - Gold,info@cdmtc.it,,
,,Cloud Builder Specialist - Gold,,,
,,Converged Infrastructure Specialist - Platinum,,,
,,Storage Specialist - Gold,,,
,PLATINUM Partner,Hyper-converged Specialist,LARGO AMBRETTA CACCIARI 1/B,+39 514132611,info@cdmtc.it
CDM TECNOCONSULTING S.P.A.,,Networking Specialist - Gold,"PARMA, 43122",,
,,Server Specialist - Gold,+39 521480901,,
,,Services Specialist - Gold,info@cdmtc.it,,
,,Cloud Builder Specialist - Gold,,,
,,Converged Infrastructure Specialist - Platinum,,,
,,Storage Specialist - Gold,,,
,PLATINUM Partner,Hyper-converged Specialist,VIA GUGLIELMO MARCONI 25,+39 514132611,info@cdmtc.it
CDM TECNOCONSULTING S.P.A.,,Networking Specialist - Gold,"SORBOLO, 43058",,
,,Server Specialist - Gold,00390 521669411,,
,,Services Specialist - Gold,info@gruppocdm.it,,
,,Cloud Builder Specialist - Gold,,,
,,Converged Infrastructure Specialist - Platinum,,,
,,Storage Specialist - Gold,,,
,PLATINUM Partner,Hyper-converged Specialist,VIA GUGLIELMO MARCONI 25,+39 514132611,info@cdmtc.it
CDM TECNOCONSULTING S.P.A.,,Networking Specialist - Gold,"SORBOLO, 43058",,
,,Server Specialist - Gold,00390 521669411,,
,,Services Specialist - Gold,info@gruppocdm.it,,
,,Cloud Builder Specialist - Gold,,,
,,Converged Infrastructure Specialist - Platinum,,,
,,Storage Specialist - Gold,,,
,PLATINUM Partner,Hyper-converged Specialist,VIA GUGLIELMO MARCONI 25,+39 514132611,info@cdmtc.it
CDM TECNOCONSULTING S.P.A.,,Networking Specialist - Gold,"SORBOLO, 43058",,
,,Server Specialist - Gold,00390 521669411,,
,,Services Specialist - Gold,info@gruppocdm.it,,
,,Cloud Builder Specialist - Gold,,,
,,Converged Infrastructure Specialist - Platinum,,,
,,Storage Specialist - Gold,,,
,PLATINUM Partner,Hyper-converged Specialist,VIA GUGLIELMO MARCONI 25,+39 514132611,info@cdmtc.it
CDM TECNOCONSULTING S.P.A.,,Networking Specialist - Gold,"SORBOLO, 43058",,
,,Server Specialist - Gold,00390 521669411,,
,,Services Specialist - Gold,info@gruppocdm.it,,
,,Cloud Builder Specialist - Gold,,,
,,Converged Infrastructure Specialist - Platinum,,,
,,Storage Specialist - Gold,,,
,PLATINUM Partner,Hyper-converged Specialist,VIA ANTONIO ROSSI 1,+39 514132611,info@cdmtc.it
CDM TECNOCONSULTING S.P.A.,,Networking Specialist - Gold,"RUBANO, 35030",,
,,Server Specialist - Gold,+39 498983811,,
,,Services Specialist - Gold,info@cdmtc.it,,
,,Cloud Builder Specialist - Gold,,,
,,Converged Infrastructure Specialist - Platinum,,,
,,Storage Specialist - Gold,,,
,PLATINUM Partner,Hyper-converged Specialist,VIA ANTONIO ROSSI 1,+39 514132611,info@cdmtc.it
CDM TECNOCONSULTING S.P.A.,,Networking Specialist - Gold,"RUBANO, 35030",,
,,Server Specialist - Gold,+39 498983811,,
,,Services Specialist - Gold,info@cdmtc.it,,
,,Cloud Builder Specialist - Gold,,,
,,Converged Infrastructure Specialist - Platinum,,,
,,Storage Specialist - Gold,,,
,PLATINUM Partner,Hyper-converged Specialist,VIA ANTONIO ROSSI 1,+39 514132611,info@cdmtc.it
CDM TECNOCONSULTING S.P.A.,,Networking Specialist - Gold,"RUBANO, 35030",,
,,Server Specialist - Gold,+39 498983811,,
,,Services Specialist - Gold,info@cdmtc.it,,
,,Cloud Builder Specialist - Gold,,,
,,Converged Infrastructure Specialist - Platinum,,,
,,Storage Specialist - Gold,,,
,PLATINUM Partner,Hyper-converged Specialist,VIA ANTONIO ROSSI 1,+39 514132611,info@cdmtc.it
CDM TECNOCONSULTING S.P.A.,,Networking Specialist - Gold,"RUBANO, 35030",,
,,Server Specialist - Gold,+39 498983811,,
,,Services Specialist - Gold,info@cdmtc.it,,
,,Cloud Builder Specialist - Gold,,,
,,Converged Infrastructure Specialist - Platinum,,,
,,Storage Specialist - Gold,,,
,PLATINUM Partner,Storage Media - Silver,VIA FIGINI 16,+39 35 2050301,info@project.it
PROJECT MILANO SRL,,Hyper-converged Specialist,"MUGGIO, MI 20053",,
,,Networking Specialist - Gold,+39 35 2050301,,
,,Server Specialist - Gold,info@project.it,,
,,Services Specialist - Gold,,,
,,Converged Infrastructure Specialist - Platinum,,,
,,Storage Specialist - Gold,,,
,PLATINUM Partner,Storage Media - Silver,VIA FIGINI 16,+39 35 2050301,info@project.it
PROJECT MILANO SRL,,Hyper-converged Specialist,"MUGGIO, MI 20053",,
,,Networking Specialist - Gold,+39 35 2050301,,
,,Server Specialist - Gold,info@project.it,,
,,Services Specialist - Gold,,,
,,Converged Infrastructure Specialist - Platinum,,,
,,Storage Specialist - Gold,,,
,PLATINUM Partner,Storage Media - Silver,VIA FIGINI 16,+39 35 2050301,info@project.it
PROJECT MILANO SRL,,Hyper-converged Specialist,"MUGGIO, MI 20053",,
,,Networking Specialist - Gold,+39 35 2050301,,
,,Server Specialist - Gold,info@project.it,,
,,Services Specialist - Gold,,,
,,Converged Infrastructure Specialist - Platinum,,,
,,Storage Specialist - Gold,,,
,PLATINUM Partner,Storage Media - Silver,VIA FIGINI 16,+39 35 2050301,info@project.it
PROJECT MILANO SRL,,Hyper-converged Specialist,"MUGGIO, MI 20053",,
,,Networking Specialist - Gold,+39 35 2050301,,
,,Server Specialist - Gold,info@project.it,,
,,Services Specialist - Gold,,,
,,Converged Infrastructure Specialist - Platinum,,,
,,Storage Specialist - Gold,,,
,PLATINUM Partner,Storage Media - Silver,VIALE LINO ZANUSSI 3,+39 35 2050301,info@project.it
PROJECT INFORMATICA C/O ATES,,Hyper-converged Specialist,"PORDENONE, PN 33170",,
,,Networking Specialist - Gold,+39 434573313,,
,,Server Specialist - Gold,info@project.it,,
,,Services Specialist - Gold,,,
,,Converged Infrastructure Specialist - Platinum,,,
,,Storage Specialist - Gold,,,
,PLATINUM Partner,Storage Media - Silver,VIALE LINO ZANUSSI 3,+39 35 2050301,info@project.it
PROJECT INFORMATICA C/O ATES,,Hyper-converged Specialist,"PORDENONE, PN 33170",,
,,Networking Specialist - Gold,+39 434573313,,
,,Server Specialist - Gold,info@project.it,,
,,Services Specialist - Gold,,,
,,Converged Infrastructure Specialist - Platinum,,,
,,Storage Specialist - Gold,,,
,PLATINUM Partner,Storage Media - Silver,VIALE LINO ZANUSSI 3,+39 35 2050301,info@project.it
PROJECT INFORMATICA C/O ATES,,Hyper-converged Specialist,"PORDENONE, PN 33170",,
,,Networking Specialist - Gold,+39 434573313,,
,,Server Specialist - Gold,info@project.it,,
,,Services Specialist - Gold,,,
,,Converged Infrastructure Specialist - Platinum,,,
,,Storage Specialist - Gold,,,
,PLATINUM Partner,Storage Media - Silver,VIALE LINO ZANUSSI 3,+39 35 2050301,info@project.it
PROJECT INFORMATICA C/O ATES,,Hyper-converged Specialist,"PORDENONE, PN 33170",,
,,Networking Specialist - Gold,+39 434573313,,
,,Server Specialist - Gold,info@project.it,,
,,Services Specialist - Gold,,,
,,Converged Infrastructure Specialist - Platinum,,,
,,Storage Specialist - Gold,,,
,PLATINUM Partner,Storage Media - Silver,VIA CARLO CATTANEO 6,+39 35 2050301,info@project.it
PROJECT INFORMATICA SRL,,Hyper-converged Specialist,"STEZZANO, BG 24040",,
,,Networking Specialist - Gold,00390352050301,,
,,Server Specialist - Gold,info@project.it,,
,,Services Specialist - Gold,,,
,,Converged Infrastructure Specialist - Platinum,,,
,,Storage Specialist - Gold,,,
,PLATINUM Partner,Storage Media - Silver,VIA CARLO CATTANEO 6,+39 35 2050301,info@project.it
PROJECT INFORMATICA SRL,,Hyper-converged Specialist,"STEZZANO, BG 24040",,
,,Networking Specialist - Gold,00390352050301,,
,,Server Specialist - Gold,info@project.it,,
,,Services Specialist - Gold,,,
,,Converged Infrastructure Specialist - Platinum,,,
,,Storage Specialist - Gold,,,
,PLATINUM Partner,Storage Media - Silver,VIA CARLO CATTANEO 6,+39 35 2050301,info@project.it
PROJECT INFORMATICA SRL,,Hyper-converged Specialist,"STEZZANO, BG 24040",,
,,Networking Specialist - Gold,00390352050301,,
,,Server Specialist - Gold,info@project.it,,
,,Services Specialist - Gold,,,
,,Converged Infrastructure Specialist - Platinum,,,
,,Storage Specialist - Gold,,,
,PLATINUM Partner,Storage Media - Silver,VIA CARLO CATTANEO 6,+39 35 2050301,info@project.it
PROJECT INFORMATICA SRL,,Hyper-converged Specialist,"STEZZANO, BG 24040",,
,,Networking Specialist - Gold,00390352050301,,
,,Server Specialist - Gold,info@project.it,,
,,Services Specialist - Gold,,,
,,Converged Infrastructure Specialist - Platinum,,,
,,Storage Specialist - Gold,,,
,PLATINUM Partner,Hyper-converged Specialist,Viale della Repubblica 8,+39 35 2050301,info@project.it
ACS DATA SYSTEMS SPA,,Networking Specialist - Gold,"Marcon,",,
,,Server Specialist - Gold,,,
,,Services Specialist - Gold,info@acs.it,,
,,Converged Infrastructure Specialist - Platinum,,,
,,Storage Specialist - Gold,,,
,PLATINUM Partner,Hyper-converged Specialist,Viale della Repubblica 8,+39 35 2050301,info@project.it
ACS DATA SYSTEMS SPA,,Networking Specialist - Gold,"Marcon,",,
,,Server Specialist - Gold,,,
,,Services Specialist - Gold,info@acs.it,,
,,Converged Infrastructure Specialist - Platinum,,,
,,Storage Specialist - Gold,,,
,PLATINUM Partner,Hyper-converged Specialist,Viale della Repubblica 8,+39 35 2050301,info@project.it
ACS DATA SYSTEMS SPA,,Networking Specialist - Gold,"Marcon,",,
,,Server Specialist - Gold,,,
,,Services Specialist - Gold,info@acs.it,,
,,Converged Infrastructure Specialist - Platinum,,,
,,Storage Specialist - Gold,,,
,PLATINUM Partner,Hyper-converged Specialist,Viale della Repubblica 8,+39 35 2050301,info@project.it
ACS DATA SYSTEMS SPA,,Networking Specialist - Gold,"Marcon,",,
,,Server Specialist - Gold,,,
,,Services Specialist - Gold,info@acs.it,,
,,Converged Infrastructure Specialist - Platinum,,,
,,Storage Specialist - Gold,,,
,PLATINUM Partner,Hyper-converged Specialist,VIA LUIGI NEGRELLI 6,+39 35 2050301,info@project.it
ACS DATA SYSTEMS SPA,,Networking Specialist - Gold,"BOLZANO BOZEN, 39100",,
,,Server Specialist - Gold,0039 471 063063,,
,,Services Specialist - Gold,info@acs.it,,
,,Converged Infrastructure Specialist - Platinum,,,
,,Storage Specialist - Gold,,,
,PLATINUM Partner,Hyper-converged Specialist,VIA LUIGI NEGRELLI 6,+39 35 2050301,info@project.it
ACS DATA SYSTEMS SPA,,Networking Specialist - Gold,"BOLZANO BOZEN, 39100",,
,,Server Specialist - Gold,0039 471 063063,,
,,Services Specialist - Gold,info@acs.it,,
,,Converged Infrastructure Specialist - Platinum,,,
,,Storage Specialist - Gold,,,
,PLATINUM Partner,Hyper-converged Specialist,VIA LUIGI NEGRELLI 6,+39 35 2050301,info@project.it
ACS DATA SYSTEMS SPA,,Networking Specialist - Gold,"BOLZANO BOZEN, 39100",,
,,Server Specialist - Gold,0039 471 063063,,
,,Services Specialist - Gold,info@acs.it,,
,,Converged Infrastructure Specialist - Platinum,,,
,,Storage Specialist - Gold,,,
,PLATINUM Partner,Hyper-converged Specialist,VIA LUIGI NEGRELLI 6,+39 35 2050301,info@project.it
ACS DATA SYSTEMS SPA,,Networking Specialist - Gold,"BOLZANO BOZEN, 39100",,
,,Server Specialist - Gold,0039 471 063063,,
,,Services Specialist - Gold,info@acs.it,,
,,Converged Infrastructure Specialist - Platinum,,,
,,Storage Specialist - Gold,,,
,PLATINUM Partner,Hyper-converged Specialist,"VIA TORINO, 176",+39 011 4049222,info@sistemiuno.it
SISTEMI UNO S.R.L.,,Networking Specialist - Gold,"COLLEGNO, TO 10093",,
,,Server Specialist - Gold,+39 011 4049222,,
,,Services Specialist - Gold,info@sistemiuno.it,,
,,Converged Infrastructure Specialist - Platinum,,,
,,Storage Specialist - Gold,,,
,PLATINUM Partner,Hyper-converged Specialist,"VIA TORINO, 176",+39 011 4049222,info@sistemiuno.it
SISTEMI UNO S.R.L.,,Networking Specialist - Gold,"COLLEGNO, TO 10093",,
,,Server Specialist - Gold,+39 011 4049222,,
,,Services Specialist - Gold,info@sistemiuno.it,,
,,Converged Infrastructure Specialist - Platinum,,,
,,Storage Specialist - Gold,,,
,PLATINUM Partner,Hyper-converged Specialist,"VIA TORINO, 176",+39 011 4049222,info@sistemiuno.it
SISTEMI UNO S.R.L.,,Networking Specialist - Gold,"COLLEGNO, TO 10093",,
,,Server Specialist - Gold,+39 011 4049222,,
,,Services Specialist - Gold,info@sistemiuno.it,,
,,Converged Infrastructure Specialist - Platinum,,,
,,Storage Specialist - Gold,,,
,PLATINUM Partner,Hyper-converged Specialist,"VIA TORINO, 176",+39 011 4049222,info@sistemiuno.it
SISTEMI UNO S.R.L.,,Networking Specialist - Gold,"COLLEGNO, TO 10093",,
,,Server Specialist - Gold,+39 011 4049222,,
,,Services Specialist - Gold,info@sistemiuno.it,,
,,Converged Infrastructure Specialist - Platinum,,,
,,Storage Specialist - Gold,,,
,PLATINUM Partner,Hyper-converged Specialist,"VIA TORINO, 176",+39 011 4049222,info@sistemiuno.it
SISTEMI H.S. S.P.A,,Networking Specialist - Gold,"COLLEGNO, TO 10093",,
,,Server Specialist - Gold,00390 114049111,,
,,Services Specialist - Gold,info@sistemihs.it,,
,,Converged Infrastructure Specialist - Platinum,,,
,,Storage Specialist - Gold,,,
,PLATINUM Partner,Hyper-converged Specialist,"VIA TORINO, 176",+39 011 4049222,info@sistemiuno.it
SISTEMI H.S. S.P.A,,Networking Specialist - Gold,"COLLEGNO, TO 10093",,
,,Server Specialist - Gold,00390 114049111,,
,,Services Specialist - Gold,info@sistemihs.it,,
,,Converged Infrastructure Specialist - Platinum,,,
,,Storage Specialist - Gold,,,
,PLATINUM Partner,Hyper-converged Specialist,"VIA TORINO, 176",+39 011 4049222,info@sistemiuno.it
SISTEMI H.S. S.P.A,,Networking Specialist - Gold,"COLLEGNO, TO 10093",,
,,Server Specialist - Gold,00390 114049111,,
,,Services Specialist - Gold,info@sistemihs.it,,
,,Converged Infrastructure Specialist - Platinum,,,
,,Storage Specialist - Gold,,,
,PLATINUM Partner,Hyper-converged Specialist,"VIA TORINO, 176",+39 011 4049222,info@sistemiuno.it
SISTEMI H.S. S.P.A,,Networking Specialist - Gold,"COLLEGNO, TO 10093",,
,,Server Specialist - Gold,00390 114049111,,
,,Services Specialist - Gold,info@sistemihs.it,,
,,Converged Infrastructure Specialist - Platinum,,,
,,Storage Specialist - Gold,,,
,PLATINUM Partner,Hyper-converged Specialist,Via Luigi Negrelli 6,+39 011 4049222,info@sistemiuno.it
ACS DATA SYSTEMS SPA,,Networking Specialist - Gold,"BOLZANO, 39100",,
,,Server Specialist - Gold,+39 0471 063063,,
,,Services Specialist - Gold,info@acs.it,,
,,Converged Infrastructure Specialist - Platinum,,,
,,Storage Specialist - Gold,,,
,PLATINUM Partner,Hyper-converged Specialist,Via Luigi Negrelli 6,+39 011 4049222,info@sistemiuno.it
ACS DATA SYSTEMS SPA,,Networking Specialist - Gold,"BOLZANO, 39100",,
,,Server Specialist - Gold,+39 0471 063063,,
,,Services Specialist - Gold,info@acs.it,,
,,Converged Infrastructure Specialist - Platinum,,,
,,Storage Specialist - Gold,,,
,PLATINUM Partner,Hyper-converged Specialist,Via Luigi Negrelli 6,+39 011 4049222,info@sistemiuno.it
ACS DATA SYSTEMS SPA,,Networking Specialist - Gold,"BOLZANO, 39100",,
,,Server Specialist - Gold,+39 0471 063063,,
,,Services Specialist - Gold,info@acs.it,,
,,Converged Infrastructure Specialist - Platinum,,,
,,Storage Specialist - Gold,,,
,PLATINUM Partner,Hyper-converged Specialist,Via Luigi Negrelli 6,+39 011 4049222,info@sistemiuno.it
ACS DATA SYSTEMS SPA,,Networking Specialist - Gold,"BOLZANO, 39100",,
,,Server Specialist - Gold,+39 0471 063063,,
,,Services Specialist - Gold,info@acs.it,,
,,Converged Infrastructure Specialist - Platinum,,,
,,Storage Specialist - Gold,,,
,PLATINUM Partner,Hyper-converged Specialist,VIA PORTA EST 17,+39 011 4049222,info@sistemiuno.it
ACS DATA SYSTEMS SPA,,Networking Specialist - Gold,"MARCON, 30020",,
,,Server Specialist - Gold,0039 041 8624091,,
,,Services Specialist - Gold,info@acs.it,,
,,Converged Infrastructure Specialist - Platinum,,,
,,Storage Specialist - Gold,,,
,PLATINUM Partner,Hyper-converged Specialist,VIA PORTA EST 17,+39 011 4049222,info@sistemiuno.it
ACS DATA SYSTEMS SPA,,Networking Specialist - Gold,"MARCON, 30020",,
,,Server Specialist - Gold,0039 041 8624091,,
,,Services Specialist - Gold,info@acs.it,,
,,Converged Infrastructure Specialist - Platinum,,,
,,Storage Specialist - Gold,,,
,PLATINUM Partner,Hyper-converged Specialist,VIA PORTA EST 17,+39 011 4049222,info@sistemiuno.it
ACS DATA SYSTEMS SPA,,Networking Specialist - Gold,"MARCON, 30020",,
,,Server Specialist - Gold,0039 041 8624091,,
,,Services Specialist - Gold,info@acs.it,,
,,Converged Infrastructure Specialist - Platinum,,,
,,Storage Specialist - Gold,,,
,PLATINUM Partner,Hyper-converged Specialist,VIA PORTA EST 17,+39 011 4049222,info@sistemiuno.it
ACS DATA SYSTEMS SPA,,Networking Specialist - Gold,"MARCON, 30020",,
,,Server Specialist - Gold,0039 041 8624091,,
,,Services Specialist - Gold,info@acs.it,,
,,Converged Infrastructure Specialist - Platinum,,,
,,Storage Specialist - Gold,,,
,PLATINUM Partner,Hyper-converged Specialist,VIA INNSBRUCK 23,+39 011 4049222,info@sistemiuno.it
ACS DATA SYSTEMS SPA TRENTO,,Networking Specialist - Gold,"TRENTO, 38121",,
,,Server Specialist - Gold,0039 0461 1920710,,
,,Services Specialist - Gold,info@acs.it,,
,,Converged Infrastructure Specialist - Platinum,,,
,,Storage Specialist - Gold,,,
,PLATINUM Partner,Hyper-converged Specialist,VIA INNSBRUCK 23,+39 011 4049222,info@sistemiuno.it
ACS DATA SYSTEMS SPA TRENTO,,Networking Specialist - Gold,"TRENTO, 38121",,
,,Server Specialist - Gold,0039 0461 1920710,,
,,Services Specialist - Gold,info@acs.it,,
,,Converged Infrastructure Specialist - Platinum,,,
,,Storage Specialist - Gold,,,
,PLATINUM Partner,Hyper-converged Specialist,VIA INNSBRUCK 23,+39 011 4049222,info@sistemiuno.it
ACS DATA SYSTEMS SPA TRENTO,,Networking Specialist - Gold,"TRENTO, 38121",,
,,Server Specialist - Gold,0039 0461 1920710,,
,,Services Specialist - Gold,info@acs.it,,
,,Converged Infrastructure Specialist - Platinum,,,
,,Storage Specialist - Gold,,,
,PLATINUM Partner,Hyper-converged Specialist,VIA INNSBRUCK 23,+39 011 4049222,info@sistemiuno.it
ACS DATA SYSTEMS SPA TRENTO,,Networking Specialist - Gold,"TRENTO, 38121",,
,,Server Specialist - Gold,0039 0461 1920710,,
,,Services Specialist - Gold,info@acs.it,,
,,Converged Infrastructure Specialist - Platinum,,,
,,Storage Specialist - Gold,,,
,PLATINUM Partner,Hyper-converged Specialist,via Brennero 72,,info@acs.it
ACS DATA SYSTEMS SPA,,Networking Specialist - Gold,"Bressanone (BZ), 39042",,
,,Server Specialist - Gold,,,
,,Services Specialist - Gold,info@acs.it,,
,,Converged Infrastructure Specialist - Platinum,,,
,,Storage Specialist - Gold,,,
,PLATINUM Partner,Hyper-converged Specialist,via Brennero 72,,info@acs.it
ACS DATA SYSTEMS SPA,,Networking Specialist - Gold,"Bressanone (BZ), 39042",,
,,Server Specialist - Gold,,,
,,Services Specialist - Gold,info@acs.it,,
,,Converged Infrastructure Specialist - Platinum,,,
,,Storage Specialist - Gold,,,
,PLATINUM Partner,Hyper-converged Specialist,via Brennero 72,,info@acs.it
ACS DATA SYSTEMS SPA,,Networking Specialist - Gold,"Bressanone (BZ), 39042",,
,,Server Specialist - Gold,,,
,,Services Specialist - Gold,info@acs.it,,
,,Converged Infrastructure Specialist - Platinum,,,
,,Storage Specialist - Gold,,,
,PLATINUM Partner,Hyper-converged Specialist,via Brennero 72,,info@acs.it
ACS DATA SYSTEMS SPA,,Networking Specialist - Gold,"Bressanone (BZ), 39042",,
,,Server Specialist - Gold,,,
,,Services Specialist - Gold,info@acs.it,,
,,Converged Infrastructure Specialist - Platinum,,,
,,Storage Specialist - Gold,,,
,PLATINUM Partner,Hyper-converged Specialist,VIA BRENNERO 72,,info@acs.it
ACS DATA SYSTEMS SPA,,Networking Specialist - Gold,"Bressanone, 39042",,
,,Server Specialist - Gold,0039 0472 272727,,
,,Services Specialist - Gold,info@acs.it,,
,,Converged Infrastructure Specialist - Platinum,,,
,,Storage Specialist - Gold,,,
,PLATINUM Partner,Hyper-converged Specialist,VIA BRENNERO 72,,info@acs.it
ACS DATA SYSTEMS SPA,,Networking Specialist - Gold,"Bressanone, 39042",,
,,Server Specialist - Gold,0039 0472 272727,,
,,Services Specialist - Gold,info@acs.it,,
,,Converged Infrastructure Specialist - Platinum,,,
,,Storage Specialist - Gold,,,
,PLATINUM Partner,Hyper-converged Specialist,VIA BRENNERO 72,,info@acs.it
ACS DATA SYSTEMS SPA,,Networking Specialist - Gold,"Bressanone, 39042",,
,,Server Specialist - Gold,0039 0472 272727,,
,,Services Specialist - Gold,info@acs.it,,
,,Converged Infrastructure Specialist - Platinum,,,
,,Storage Specialist - Gold,,,
,PLATINUM Partner,Hyper-converged Specialist,VIA BRENNERO 72,,info@acs.it
ACS DATA SYSTEMS SPA,,Networking Specialist - Gold,"Bressanone, 39042",,
,,Server Specialist - Gold,0039 0472 272727,,
,,Services Specialist - Gold,info@acs.it,,
,,Converged Infrastructure Specialist - Platinum,,,
,,Storage Specialist - Gold,,,
,PLATINUM Partner,Hyper-converged Specialist,VIA TOLSTOJ 65 SAN GIULIANO,,info@acs.it
ACS DATA SYSTEMS SPA,,Networking Specialist - Gold,"MILANESE, 20098",,
,,Server Specialist - Gold,,,
,,Services Specialist - Gold,info@acs.it,,
,,Converged Infrastructure Specialist - Platinum,,,
,,Storage Specialist - Gold,,,
,PLATINUM Partner,Hyper-converged Specialist,VIA TOLSTOJ 65 SAN GIULIANO,,info@acs.it
ACS DATA SYSTEMS SPA,,Networking Specialist - Gold,"MILANESE, 20098",,
,,Server Specialist - Gold,,,
,,Services Specialist - Gold,info@acs.it,,
,,Converged Infrastructure Specialist - Platinum,,,
,,Storage Specialist - Gold,,,
,PLATINUM Partner,Hyper-converged Specialist,VIA TOLSTOJ 65 SAN GIULIANO,,info@acs.it
ACS DATA SYSTEMS SPA,,Networking Specialist - Gold,"MILANESE, 20098",,
,,Server Specialist - Gold,,,
,,Services Specialist - Gold,info@acs.it,,
,,Converged Infrastructure Specialist - Platinum,,,
,,Storage Specialist - Gold,,,
,PLATINUM Partner,Hyper-converged Specialist,VIA TOLSTOJ 65 SAN GIULIANO,,info@acs.it
ACS DATA SYSTEMS SPA,,Networking Specialist - Gold,"MILANESE, 20098",,
,,Server Specialist - Gold,,,
,,Services Specialist - Gold,info@acs.it,,
,,Converged Infrastructure Specialist - Platinum,,,
,,Storage Specialist - Gold,,,
,PLATINUM Partner,Hyper-converged Specialist,VIA INNSBRUCK 23,,info@acs.it
ACS DATA SYSTEMS SPA,,Networking Specialist - Gold,"TRENTO, 38121",,
,,Server Specialist - Gold,+39 461 1920710,,
,,Services Specialist - Gold,info@acs.it,,
,,Converged Infrastructure Specialist - Platinum,,,
,,Storage Specialist - Gold,,,
,PLATINUM Partner,Hyper-converged Specialist,VIALE BRIANZA 25,,info@acs.it
ACS DATA SYSTEMS SPA,,Networking Specialist - Gold,"CAMBIAGO, 20040",,
,,Server Specialist - Gold,,,
,,Services Specialist - Gold,info@acs.it,,
,,Converged Infrastructure Specialist - Platinum,,,
,,Storage Specialist - Gold,,,
,PLATINUM Partner,Hyper-converged Specialist,VIALE BRIANZA 25,,info@acs.it
ACS DATA SYSTEMS SPA,,Networking Specialist - Gold,"CAMBIAGO, 20040",,
,,Server Specialist - Gold,,,
,,Services Specialist - Gold,info@acs.it,,
,,Converged Infrastructure Specialist - Platinum,,,
,,Storage Specialist - Gold,,,
,PLATINUM Partner,Hyper-converged Specialist,VIALE BRIANZA 25,,info@acs.it
ACS DATA SYSTEMS SPA,,Networking Specialist - Gold,"CAMBIAGO, 20040",,
,,Server Specialist - Gold,,,
,,Services Specialist - Gold,info@acs.it,,
,,Converged Infrastructure Specialist - Platinum,,,
,,Storage Specialist - Gold,,,
,PLATINUM Partner,Hyper-converged Specialist,VIALE BRIANZA 25,,info@acs.it
ACS DATA SYSTEMS SPA,,Networking Specialist - Gold,"CAMBIAGO, 20040",,
,,Server Specialist - Gold,,,
,,Services Specialist - Gold,info@acs.it,,
,,Converged Infrastructure Specialist - Platinum,,,
,,Storage Specialist - Gold,,,
,PLATINUM Partner,Hyper-converged Specialist,VIA SANTA MARIA IN CAMPO 8 CAVENAGO,,info@acs.it
ACS DATA SYSTEMS SPA,,Networking Specialist - Gold,"BRIANZA, 20873",,
,,Server Specialist - Gold,,,
,,Services Specialist - Gold,info@acs.it,,
,,Converged Infrastructure Specialist - Platinum,,,
,,Storage Specialist - Gold,,,
,PLATINUM Partner,Hyper-converged Specialist,VIA SANTA MARIA IN CAMPO 8 CAVENAGO,,info@acs.it
ACS DATA SYSTEMS SPA,,Networking Specialist - Gold,"BRIANZA, 20873",,
,,Server Specialist - Gold,,,
,,Services Specialist - Gold,info@acs.it,,
,,Converged Infrastructure Specialist - Platinum,,,
,,Storage Specialist - Gold,,,
,PLATINUM Partner,Hyper-converged Specialist,VIA SANTA MARIA IN CAMPO 8 CAVENAGO,,info@acs.it
ACS DATA SYSTEMS SPA,,Networking Specialist - Gold,"BRIANZA, 20873",,
,,Server Specialist - Gold,,,
,,Services Specialist - Gold,info@acs.it,,
,,Converged Infrastructure Specialist - Platinum,,,
,,Storage Specialist - Gold,,,
,PLATINUM Partner,Hyper-converged Specialist,VIA SANTA MARIA IN CAMPO 8 CAVENAGO,,info@acs.it
ACS DATA SYSTEMS SPA,,Networking Specialist - Gold,"BRIANZA, 20873",,
,,Server Specialist - Gold,,,
,,Services Specialist - Gold,info@acs.it,,
,,Converged Infrastructure Specialist - Platinum,,,
,,Storage Specialist - Gold,,,
,PLATINUM Partner,Hyper-converged Specialist,VIA GIUSEPPE SARAGAT F4 NOVA,,info@acs.it
ACS DATA SYSTEMS SPA,,Networking Specialist - Gold,"MILANESE, 20834",,
,,Server Specialist - Gold,,,
,,Services Specialist - Gold,info@acs.it,,
,,Converged Infrastructure Specialist - Platinum,,,
,,Storage Specialist - Gold,,,
,PLATINUM Partner,Hyper-converged Specialist,VIA GIUSEPPE SARAGAT F4 NOVA,,info@acs.it
ACS DATA SYSTEMS SPA,,Networking Specialist - Gold,"MILANESE, 20834",,
,,Server Specialist - Gold,,,
,,Services Specialist - Gold,info@acs.it,,
,,Converged Infrastructure Specialist - Platinum,,,
,,Storage Specialist - Gold,,,
,PLATINUM Partner,Hyper-converged Specialist,VIA GIUSEPPE SARAGAT F4 NOVA,,info@acs.it
ACS DATA SYSTEMS SPA,,Networking Specialist - Gold,"MILANESE, 20834",,
,,Server Specialist - Gold,,,
,,Services Specialist - Gold,info@acs.it,,
,,Converged Infrastructure Specialist - Platinum,,,
,,Storage Specialist - Gold,,,
,PLATINUM Partner,Hyper-converged Specialist,VIA GIUSEPPE SARAGAT F4 NOVA,,info@acs.it
ACS DATA SYSTEMS SPA,,Networking Specialist - Gold,"MILANESE, 20834",,
,,Server Specialist - Gold,,,
,,Services Specialist - Gold,info@acs.it,,
,,Converged Infrastructure Specialist - Platinum,,,
,,Storage Specialist - Gold,,,
,PLATINUM Partner,Hyper-converged Specialist,VIA INNSBRUCK 23,,info@acs.it
ACS DATA SYSTEMS SPA,,Networking Specialist - Gold,"TRENTO, 38121",,
,,Server Specialist - Gold,+39 461 1920710,,
,,Services Specialist - Gold,info@acs.it,,
,,Converged Infrastructure Specialist - Platinum,,,
,,Storage Specialist - Gold,,,
,PLATINUM Partner,Hyper-converged Specialist,VIA INNSBRUCK 23,,info@acs.it
ACS DATA SYSTEMS SPA,,Networking Specialist - Gold,"TRENTO, 38121",,
,,Server Specialist - Gold,+39 461 1920710,,
,,Services Specialist - Gold,info@acs.it,,
,,Converged Infrastructure Specialist - Platinum,,,
,,Storage Specialist - Gold,,,
,PLATINUM Partner,Hyper-converged Specialist,VIA INNSBRUCK 23,,info@acs.it
ACS DATA SYSTEMS SPA,,Networking Specialist - Gold,"TRENTO, 38121",,
,,Server Specialist - Gold,+39 461 1920710,,
,,Services Specialist - Gold,info@acs.it,,
,,Converged Infrastructure Specialist - Platinum,,,
,,Storage Specialist - Gold,,,
,PLATINUM Partner,Storage Media - Silver,VIA CAVRIANA 14,,info@acs.it
R1 S.P.A.,,Networking Specialist - Gold,"MILANO, 20134",,
,,Server Specialist - Gold,+39 271040539,,
,,IT Management Specialist - Silver,info@r1spa.it,,
,,Services Specialist - Gold,,,
,,Storage Specialist - Gold,,,
,PLATINUM Partner,Storage Media - Silver,VIA CAVRIANA 14,,info@acs.it
R1 S.P.A.,,Networking Specialist - Gold,"MILANO, 20134",,
,,Server Specialist - Gold,+39 271040539,,
,,IT Management Specialist - Silver,info@r1spa.it,,
,,Services Specialist - Gold,,,
,,Storage Specialist - Gold,,,
,PLATINUM Partner,Storage Media - Silver,VIA CAVRIANA 14,,info@acs.it
R1 S.P.A.,,Networking Specialist - Gold,"MILANO, 20134",,
,,Server Specialist - Gold,+39 271040539,,
,,IT Management Specialist - Silver,info@r1spa.it,,
,,Services Specialist - Gold,,,
,,Storage Specialist - Gold,,,
,PLATINUM Partner,Storage Media - Silver,VIA CAVRIANA 14,,info@acs.it
R1 S.P.A.,,Networking Specialist - Gold,"MILANO, 20134",,
,,Server Specialist - Gold,+39 271040539,,
,,IT Management Specialist - Silver,info@r1spa.it,,
,,Services Specialist - Gold,,,
,,Storage Specialist - Gold,,,
,PLATINUM Partner,Storage Media - Silver,VIA MONTE CARMELO 5,,info@acs.it
R1 S.P.A.,,Networking Specialist - Gold,"ROMA, 00166",,
,,Server Specialist - Gold,00390666951,,
,,IT Management Specialist - Silver,info@r1spa.it,,
,,Services Specialist - Gold,,,
,,Storage Specialist - Gold,,,
,PLATINUM Partner,Storage Media - Silver,VIA MONTE CARMELO 5,,info@acs.it
R1 S.P.A.,,Networking Specialist - Gold,"ROMA, 00166",,
,,Server Specialist - Gold,00390666951,,
,,IT Management Specialist - Silver,info@r1spa.it,,
,,Services Specialist - Gold,,,
,,Storage Specialist - Gold,,,
,PLATINUM Partner,Storage Media - Silver,VIA MONTE CARMELO 5,,info@acs.it
R1 S.P.A.,,Networking Specialist - Gold,"ROMA, 00166",,
,,Server Specialist - Gold,00390666951,,
,,IT Management Specialist - Silver,info@r1spa.it,,
,,Services Specialist - Gold,,,
,,Storage Specialist - Gold,,,
,PLATINUM Partner,Storage Media - Silver,VIA MONTE CARMELO 5,,info@acs.it
R1 S.P.A.,,Networking Specialist - Gold,"ROMA, 00166",,
,,Server Specialist - Gold,00390666951,,
,,IT Management Specialist - Silver,info@r1spa.it,,
,,Services Specialist - Gold,,,
,,Storage Specialist - Gold,,,
,PLATINUM Partner,Storage Media - Silver,VIA MONTE CARMELO 3,,info@acs.it
GWAY S.R.L.,,Networking Specialist - Gold,"ROMA, 166",,
,,Server Specialist - Gold,,,
,,IT Management Specialist - Silver,gway.srl@legalmail.it,,
,,Services Specialist - Gold,,,
,,Storage Specialist - Gold,,,
,PLATINUM Partner,Storage Media - Silver,VIA MONTE CARMELO 3,,info@acs.it
GWAY S.R.L.,,Networking Specialist - Gold,"ROMA, 166",,
,,Server Specialist - Gold,,,
,,IT Management Specialist - Silver,gway.srl@legalmail.it,,
,,Services Specialist - Gold,,,
,,Storage Specialist - Gold,,,
,PLATINUM Partner,Storage Media - Silver,VIA MONTE CARMELO 3,,info@acs.it
GWAY S.R.L.,,Networking Specialist - Gold,"ROMA, 166",,
,,Server Specialist - Gold,,,
,,IT Management Specialist - Silver,gway.srl@legalmail.it,,
,,Services Specialist - Gold,,,
,,Storage Specialist - Gold,,,
,PLATINUM Partner,Storage Media - Silver,VIA MONTE CARMELO 3,,info@acs.it
GWAY S.R.L.,,Networking Specialist - Gold,"ROMA, 166",,
,,Server Specialist - Gold,,,
,,IT Management Specialist - Silver,gway.srl@legalmail.it,,
,,Services Specialist - Gold,,,
,,Storage Specialist - Gold,,,
,GOLD Partner,Storage Media - Silver,VIA MONTE CARMELO 5,+39 666412255,info@r1spa.it
EUROME S.R.L.,,Networking Specialist - Gold,"ROMA, RM 00166",,
,,Server Specialist - Gold,+39 666412255,,
,,IT Management Specialist - Silver,info@r1spa.it,,
,,Services Specialist - Gold,,,
,,Storage Specialist - Gold,,,
,GOLD Partner,Storage Media - Silver,VIA MONTE CARMELO 5,+39 666412255,info@r1spa.it
EUROME S.R.L.,,Networking Specialist - Gold,"ROMA, RM 00166",,
,,Server Specialist - Gold,+39 666412255,,
,,IT Management Specialist - Silver,info@r1spa.it,,
,,Services Specialist - Gold,,,
,,Storage Specialist - Gold,,,
,GOLD Partner,Storage Media - Silver,VIA MONTE CARMELO 5,+39 666412255,info@r1spa.it
EUROME S.R.L.,,Networking Specialist - Gold,"ROMA, RM 00166",,
,,Server Specialist - Gold,+39 666412255,,
,,IT Management Specialist - Silver,info@r1spa.it,,
,,Services Specialist - Gold,,,
,,Storage Specialist - Gold,,,
,GOLD Partner,Storage Media - Silver,VIA MONTE CARMELO 5,+39 666412255,info@r1spa.it
EUROME S.R.L.,,Networking Specialist - Gold,"ROMA, RM 00166",,
,,Server Specialist - Gold,+39 666412255,,
,,IT Management Specialist - Silver,info@r1spa.it,,
,,Services Specialist - Gold,,,
,,Storage Specialist - Gold,,,
,GOLD Partner,Service Provider Specialist - Gold,PIAZZA DEGLI AFFARI 2,+39 666412255,info@r1spa.it
TELECOM ITALIA,,Networking Specialist - Silver,"MILANO, 20123",,
,,Server Specialist - Gold,+39 +39 02 85951,,
,,IT Management Specialist - Silver,info@telecomitalia.it,,
,,Storage Specialist - Silver,,,
,GOLD Partner,Service Provider Specialist - Gold,PIAZZA DEGLI AFFARI 2,+39 666412255,info@r1spa.it
TELECOM ITALIA,,Networking Specialist - Silver,"MILANO, 20123",,
,,Server Specialist - Gold,+39 +39 02 85951,,
,,IT Management Specialist - Silver,info@telecomitalia.it,,
,,Storage Specialist - Silver,,,
,GOLD Partner,Service Provider Specialist - Gold,PIAZZA DEGLI AFFARI 2,+39 666412255,info@r1spa.it
TELECOM ITALIA,,Networking Specialist - Silver,"MILANO, 20123",,
,,Server Specialist - Gold,+39 +39 02 85951,,
,,IT Management Specialist - Silver,info@telecomitalia.it,,
,,Storage Specialist - Silver,,,
,GOLD Partner,Service Provider Specialist - Gold,PIAZZA DEGLI AFFARI 2,+39 666412255,info@r1spa.it
TELECOM ITALIA,,Networking Specialist - Silver,"MILANO, 20123",,
,,Server Specialist - Gold,+39 +39 02 85951,,
,,IT Management Specialist - Silver,info@telecomitalia.it,,
,,Storage Specialist - Silver,,,
,GOLD Partner,Service Provider Specialist - Silver,VIA GIOVANNI FERRERO 31,+39 666412255,info@r1spa.it
C.D.H. S.R.L.,,Server Specialist - Silver,"RIVOLI, 10098",,
,,Services Specialist - Silver,00390 119508400,,
,,Cloud Builder Specialist - Gold,cba@cdhsrl.it,,
,,Storage Specialist - Silver,,,
,GOLD Partner,Service Provider Specialist - Silver,VIA GIOVANNI FERRERO 31,+39 666412255,info@r1spa.it
C.D.H. S.R.L.,,Server Specialist - Silver,"RIVOLI, 10098",,
,,Services Specialist - Silver,00390 119508400,,
,,Cloud Builder Specialist - Gold,cba@cdhsrl.it,,
,,Storage Specialist - Silver,,,
,GOLD Partner,Service Provider Specialist - Silver,VIA GIOVANNI FERRERO 31,+39 666412255,info@r1spa.it
C.D.H. S.R.L.,,Server Specialist - Silver,"RIVOLI, 10098",,
,,Services Specialist - Silver,00390 119508400,,
,,Cloud Builder Specialist - Gold,cba@cdhsrl.it,,
,,Storage Specialist - Silver,,,
,GOLD Partner,Service Provider Specialist - Silver,VIA GIOVANNI FERRERO 31,+39 666412255,info@r1spa.it
C.D.H. S.R.L.,,Server Specialist - Silver,"RIVOLI, 10098",,
,,Services Specialist - Silver,00390 119508400,,
,,Cloud Builder Specialist - Gold,cba@cdhsrl.it,,
,,Storage Specialist - Silver,,,
,GOLD Partner,Storage Media - Silver,VIA SAN FEREOLO 9/A,+39 666412255,info@r1spa.it
ZUCCHETTI INFORMATICA SPA,,Server Specialist - Gold,"LODI, 26900",,
,,Services Specialist - Gold,0039037140441,,
,,Storage Specialist - Silver,ZUCCHETTIINFORMATICA@GRUPPOZUCCHETTI.IT,,
,GOLD Partner,Storage Media - Silver,VIA SAN FEREOLO 9/A,+39 666412255,info@r1spa.it
ZUCCHETTI INFORMATICA SPA,,Server Specialist - Gold,"LODI, 26900",,
,,Services Specialist - Gold,0039037140441,,
,,Storage Specialist - Silver,ZUCCHETTIINFORMATICA@GRUPPOZUCCHETTI.IT,,
,GOLD Partner,Storage Media - Silver,VIA SAN FEREOLO 9/A,+39 666412255,info@r1spa.it
ZUCCHETTI INFORMATICA SPA,,Server Specialist - Gold,"LODI, 26900",,
,,Services Specialist - Gold,0039037140441,,
,,Storage Specialist - Silver,ZUCCHETTIINFORMATICA@GRUPPOZUCCHETTI.IT,,
,GOLD Partner,Storage Media - Silver,VIA SAN FEREOLO 9/A,+39 666412255,info@r1spa.it
ZUCCHETTI INFORMATICA SPA,,Server Specialist - Gold,"LODI, 26900",,
,,Services Specialist - Gold,0039037140441,,
,,Storage Specialist - Silver,ZUCCHETTIINFORMATICA@GRUPPOZUCCHETTI.IT,,
,GOLD Partner,Storage Media - Silver,"VIA SOLFERINO, 1",+39 666412255,info@r1spa.it
ZUCCHETTI INFORMATICA SPA,,Server Specialist - Gold,"LODI, LO 26900",,
,,Services Specialist - Gold,+39 3715941,,
,,Storage Specialist - Silver,zinfo@zucchetti.it,,
,GOLD Partner,Storage Media - Silver,"VIA SOLFERINO, 1",+39 666412255,info@r1spa.it
ZUCCHETTI INFORMATICA SPA,,Server Specialist - Gold,"LODI, LO 26900",,
,,Services Specialist - Gold,+39 3715941,,
,,Storage Specialist - Silver,zinfo@zucchetti.it,,
,GOLD Partner,Storage Media - Silver,"VIA SOLFERINO, 1",+39 666412255,info@r1spa.it
ZUCCHETTI INFORMATICA SPA,,Server Specialist - Gold,"LODI, LO 26900",,
,,Services Specialist - Gold,+39 3715941,,
,,Storage Specialist - Silver,zinfo@zucchetti.it,,
,GOLD Partner,Storage Media - Silver,"VIA SOLFERINO, 1",+39 666412255,info@r1spa.it
ZUCCHETTI INFORMATICA SPA,,Server Specialist - Gold,"LODI, LO 26900",,
,,Services Specialist - Gold,+39 3715941,,
,,Storage Specialist - Silver,zinfo@zucchetti.it,,
,GOLD Partner,Storage Media - Silver,BUONARROTI 12,+39 3529231,market@zucchetti.it
ZUCCHETTI INFORMATICA SPA,,Server Specialist - Gold,"GORLE BG, BG 24020",,
,,Services Specialist - Gold,+39 3529231,,
,,Storage Specialist - Silver,market@zucchetti.it,,
,GOLD Partner,Storage Media - Silver,BUONARROTI 12,+39 3529231,market@zucchetti.it
ZUCCHETTI INFORMATICA SPA,,Server Specialist - Gold,"GORLE BG, BG 24020",,
,,Services Specialist - Gold,+39 3529231,,
,,Storage Specialist - Silver,market@zucchetti.it,,
,GOLD Partner,Storage Media - Silver,BUONARROTI 12,+39 3529231,market@zucchetti.it
ZUCCHETTI INFORMATICA SPA,,Server Specialist - Gold,"GORLE BG, BG 24020",,
,,Services Specialist - Gold,+39 3529231,,
,,Storage Specialist - Silver,market@zucchetti.it,,
,GOLD Partner,Storage Media - Silver,BUONARROTI 12,+39 3529231,market@zucchetti.it
ZUCCHETTI INFORMATICA SPA,,Server Specialist - Gold,"GORLE BG, BG 24020",,
,,Services Specialist - Gold,+39 3529231,,
,,Storage Specialist - Silver,market@zucchetti.it,,
,GOLD Partner,Server Specialist - Gold,"VIA FELTRINA NUOVA, 1",+39 3529231,market@zucchetti.it
ALDEBRA S.P.A.,,Services Specialist - Gold,"MONTEBELLUNA, TV 31044",,
,,Storage Specialist - Silver,+39 0423 614270,,
,,,info@aldebra.com,,
,GOLD Partner,Server Specialist - Gold,VIA VITTORIO NENNI 20,+39 3529231,market@zucchetti.it
WEBKORNER SRL,,Services Specialist - Gold,"POSACCO, PI 56038",,
,,Storage Specialist - Silver,+39 055 9850197,,
,,,tozzi@webkorner.it,,
,GOLD Partner,Server Specialist - Gold,VIA VITTORIO NENNI 20,+39 3529231,market@zucchetti.it
WEBKORNER SRL,,Services Specialist - Gold,"POSACCO, PI 56038",,
,,Storage Specialist - Silver,+39 055 9850197,,
,,,tozzi@webkorner.it,,
,GOLD Partner,Server Specialist - Gold,VIA VITTORIO NENNI 20,+39 3529231,market@zucchetti.it
WEBKORNER SRL,,Services Specialist - Gold,"POSACCO, PI 56038",,
,,Storage Specialist - Silver,+39 055 9850197,,
,,,tozzi@webkorner.it,,
,GOLD Partner,Server Specialist - Gold,VIA VITTORIO NENNI 20,+39 3529231,market@zucchetti.it
WEBKORNER SRL,,Services Specialist - Gold,"POSACCO, PI 56038",,
,,Storage Specialist - Silver,+39 055 9850197,,
,,,tozzi@webkorner.it,,
,GOLD Partner,Server Specialist - Gold,VIA NORVEGIA 12/14,+39 3529231,market@zucchetti.it
WEBKORNER SRL,,Services Specialist - Gold,"FIRENZE, FI 50126",,
,,Storage Specialist - Silver,+39 055 9850197,,
,,,tozzi@webkorner.it,,
,GOLD Partner,Server Specialist - Gold,VIA NORVEGIA 12/14,+39 3529231,market@zucchetti.it
WEBKORNER SRL,,Services Specialist - Gold,"FIRENZE, FI 50126",,
,,Storage Specialist - Silver,+39 055 9850197,,
,,,tozzi@webkorner.it,,
,GOLD Partner,Server Specialist - Gold,VIA NORVEGIA 12/14,+39 3529231,market@zucchetti.it
WEBKORNER SRL,,Services Specialist - Gold,"FIRENZE, FI 50126",,
,,Storage Specialist - Silver,+39 055 9850197,,
,,,tozzi@webkorner.it,,
,GOLD Partner,Server Specialist - Gold,VIA NORVEGIA 12/14,+39 3529231,market@zucchetti.it
WEBKORNER SRL,,Services Specialist - Gold,"FIRENZE, FI 50126",,
,,Storage Specialist - Silver,+39 055 9850197,,
,,,tozzi@webkorner.it,,
,GOLD Partner,Server Specialist - Gold,VIALE DELLA REPUBBLICA 22,+39 3529231,market@zucchetti.it
ALDEBRA S.P.A.,,Services Specialist - Gold,"TREVISO, 31100",,
,,Storage Specialist - Silver,+39 422 359200,,
,,,info@aldebra.com,,
,GOLD Partner,Server Specialist - Gold,VIALE DELLA REPUBBLICA 22,+39 3529231,market@zucchetti.it
ALDEBRA S.P.A.,,Services Specialist - Gold,"TREVISO, 31100",,
,,Storage Specialist - Silver,+39 422 359200,,
,,,info@aldebra.com,,
,GOLD Partner,Server Specialist - Gold,VIALE DELLA REPUBBLICA 22,+39 3529231,market@zucchetti.it
ALDEBRA S.P.A.,,Services Specialist - Gold,"TREVISO, 31100",,
,,Storage Specialist - Silver,+39 422 359200,,
,,,info@aldebra.com,,
,GOLD Partner,Server Specialist - Gold,VIALE DELLA REPUBBLICA 22,+39 3529231,market@zucchetti.it
ALDEBRA S.P.A.,,Services Specialist - Gold,"TREVISO, 31100",,
,,Storage Specialist - Silver,+39 422 359200,,
,,,info@aldebra.com,,
,GOLD Partner,Server Specialist - Gold,VIA ENRICO FERMI 13/C,+39 3529231,market@zucchetti.it
ALDEBRA S.P.A.,,Services Specialist - Gold,"VERONA, 37135",,
,,Storage Specialist - Silver,+39 045 8295511,,
,,,info@aldebra.com,,
,GOLD Partner,Server Specialist - Gold,VIA ENRICO FERMI 13/C,+39 3529231,market@zucchetti.it
ALDEBRA S.P.A.,,Services Specialist - Gold,"VERONA, 37135",,
,,Storage Specialist - Silver,+39 045 8295511,,
,,,info@aldebra.com,,
,GOLD Partner,Server Specialist - Gold,VIA ENRICO FERMI 13/C,+39 3529231,market@zucchetti.it
ALDEBRA S.P.A.,,Services Specialist - Gold,"VERONA, 37135",,
,,Storage Specialist - Silver,+39 045 8295511,,
,,,info@aldebra.com,,
,GOLD Partner,Server Specialist - Gold,VIA ENRICO FERMI 13/C,+39 045 8295511,info@aldebra.com
ALDEBRA S.P.A.,,Services Specialist - Gold,"VERONA, 37135",,
,,Storage Specialist - Silver,+39 045 8295511,,
,,,info@aldebra.com,,
,GOLD Partner,Server Specialist - Gold,"VIA FELTRINA NUOVA, 1",+39 045 8295511,info@aldebra.com
ALDEBRA S.P.A.,,Services Specialist - Gold,"MONTEBELLUNA, TV 31044",,
,,Storage Specialist - Silver,+39 0423 614270,,
,,,info@aldebra.com,,
,GOLD Partner,Server Specialist - Gold,"VIA FELTRINA NUOVA, 1",+39 045 8295511,info@aldebra.com
ALDEBRA S.P.A.,,Services Specialist - Gold,"MONTEBELLUNA, TV 31044",,
,,Storage Specialist - Silver,+39 0423 614270,,
,,,info@aldebra.com,,
,GOLD Partner,Server Specialist - Gold,"VIA FELTRINA NUOVA, 1",+39 045 8295511,info@aldebra.com
ALDEBRA S.P.A.,,Services Specialist - Gold,"MONTEBELLUNA, TV 31044",,
,,Storage Specialist - Silver,+39 0423 614270,,
,,,info@aldebra.com,,
,GOLD Partner,Server Specialist - Gold,VIA DELLA FARNIA 2,+39 045 8295511,info@aldebra.com
WEBKORNER SRL,,Services Specialist - Gold,"MONTEVARCHI, 52025",,
,,Storage Specialist - Silver,00390559850197,,
,,,tozzi@webkorner.it,,
,GOLD Partner,Server Specialist - Gold,VIA DELLA FARNIA 2,+39 045 8295511,info@aldebra.com
WEBKORNER SRL,,Services Specialist - Gold,"MONTEVARCHI, 52025",,
,,Storage Specialist - Silver,00390559850197,,
,,,tozzi@webkorner.it,,
,GOLD Partner,Server Specialist - Gold,VIA DELLA FARNIA 2,+39 045 8295511,info@aldebra.com
WEBKORNER SRL,,Services Specialist - Gold,"MONTEVARCHI, 52025",,
,,Storage Specialist - Silver,00390559850197,,
,,,tozzi@webkorner.it,,
,GOLD Partner,Server Specialist - Gold,VIA DELLA FARNIA 2,+39 045 8295511,info@aldebra.com
WEBKORNER SRL,,Services Specialist - Gold,"MONTEVARCHI, 52025",,
,,Storage Specialist - Silver,00390559850197,,
,,,tozzi@webkorner.it,,
,GOLD Partner,Server Specialist - Silver,VIA CARLO ZUCCHI 31,+39 045 8295511,info@aldebra.com
IFICONSULTING S.R.L.,,Services Specialist - Gold,"MODENA, 41100",,
,,Storage Specialist - Gold,00390594732399,,
,,,INFO@IFICONSULTING.EU,,
,GOLD Partner,Server Specialist - Silver,VIA CARLO ZUCCHI 31,+39 045 8295511,info@aldebra.com
IFICONSULTING S.R.L.,,Services Specialist - Gold,"MODENA, 41100",,
,,Storage Specialist - Gold,00390594732399,,
,,,INFO@IFICONSULTING.EU,,
,GOLD Partner,Server Specialist - Silver,VIA CARLO ZUCCHI 31,+39 045 8295511,info@aldebra.com
IFICONSULTING S.R.L.,,Services Specialist - Gold,"MODENA, 41100",,
,,Storage Specialist - Gold,00390594732399,,
,,,INFO@IFICONSULTING.EU,,
,GOLD Partner,Server Specialist - Silver,VIA CARLO ZUCCHI 31,+39 045 8295511,info@aldebra.com
IFICONSULTING S.R.L.,,Services Specialist - Gold,"MODENA, 41100",,
,,Storage Specialist - Gold,00390594732399,,
,,,INFO@IFICONSULTING.EU,,
,GOLD Partner,Server Specialist - Gold,"VIA LINZ, 13",+39 045 8295511,info@aldebra.com
ALDEBRA S.P.A.,,Services Specialist - Gold,"TRENTO, 38121",,
,,Storage Specialist - Silver,+39 0461 302400,,
,,,info@aldebra.com,,
,GOLD Partner,Server Specialist - Gold,"VIA LINZ, 13",+39 045 8295511,info@aldebra.com
ALDEBRA S.P.A.,,Services Specialist - Gold,"TRENTO, 38121",,
,,Storage Specialist - Silver,+39 0461 302400,,
,,,info@aldebra.com,,
,GOLD Partner,Server Specialist - Gold,"VIA LINZ, 13",+39 045 8295511,info@aldebra.com
ALDEBRA S.P.A.,,Services Specialist - Gold,"TRENTO, 38121",,
,,Storage Specialist - Silver,+39 0461 302400,,
,,,info@aldebra.com,,
,GOLD Partner,Server Specialist - Gold,"VIA LINZ, 13",+39 045 8295511,info@aldebra.com
ALDEBRA S.P.A.,,Services Specialist - Gold,"TRENTO, 38121",,
,,Storage Specialist - Silver,+39 0461 302400,,
,,,info@aldebra.com,,
,GOLD Partner,Server Specialist - Gold,VIA DANUBIO 14,+39 045 8295511,info@aldebra.com
ITECH PROJECTS & CONSULTING SRL,,Services Specialist - Gold,"SESTO FIORENTINO, FI 50019",,
,,Storage Specialist - Silver,+39 055 3437173,,
,,,info@itech.it,,
,GOLD Partner,Server Specialist - Gold,VIA DANUBIO 14,+39 045 8295511,info@aldebra.com
ITECH PROJECTS & CONSULTING SRL,,Services Specialist - Gold,"SESTO FIORENTINO, FI 50019",,
,,Storage Specialist - Silver,+39 055 3437173,,
,,,info@itech.it,,
,GOLD Partner,Server Specialist - Gold,VIA DANUBIO 14,+39 045 8295511,info@aldebra.com
ITECH PROJECTS & CONSULTING SRL,,Services Specialist - Gold,"SESTO FIORENTINO, FI 50019",,
,,Storage Specialist - Silver,+39 055 3437173,,
,,,info@itech.it,,
,GOLD Partner,Server Specialist - Gold,VIA DANUBIO 14,+39 045 8295511,info@aldebra.com
ITECH PROJECTS & CONSULTING SRL,,Services Specialist - Gold,"SESTO FIORENTINO, FI 50019",,
,,Storage Specialist - Silver,+39 055 3437173,,
,,,info@itech.it,,
,GOLD Partner,Server Specialist - Gold,VIA GIOTTO 12,+39 471244111,info@aldebra.com
ALDEBRA S.P.A.,,Services Specialist - Gold,"BOLZANO, 39100",,
,,Storage Specialist - Silver,+39 471244111,,
,,,info@aldebra.com,,
,GOLD Partner,Server Specialist - Gold,VIA GIOTTO 12,+39 471244111,info@aldebra.com
ALDEBRA S.P.A.,,Services Specialist - Gold,"BOLZANO, 39100",,
,,Storage Specialist - Silver,+39 471244111,,
,,,info@aldebra.com,,
,GOLD Partner,Server Specialist - Gold,VIA GIOTTO 12,+39 471244111,info@aldebra.com
ALDEBRA S.P.A.,,Services Specialist - Gold,"BOLZANO, 39100",,
,,Storage Specialist - Silver,+39 471244111,,
,,,info@aldebra.com,,
,GOLD Partner,Server Specialist - Gold,VIA GIOTTO 12,+39 471244111,info@aldebra.com
ALDEBRA S.P.A.,,Services Specialist - Gold,"BOLZANO, 39100",,
,,Storage Specialist - Silver,+39 471244111,,
,,,info@aldebra.com,,
,GOLD Partner,Server Specialist - Gold,VIA CLERICI 10SESTO SAN GIORVANNI,+39 471244111,info@aldebra.com
ALDEBRA S.P.A.,,Services Specialist - Gold,"MILANO, MI 20099",,
,,Storage Specialist - Silver,+39 02 92871900,,
,,,nicola.rovea@aldebra.com,,
,GOLD Partner,Server Specialist - Gold,VIA CLERICI 10SESTO SAN GIORVANNI,+39 471244111,info@aldebra.com
ALDEBRA S.P.A.,,Services Specialist - Gold,"MILANO, MI 20099",,
,,Storage Specialist - Silver,+39 02 92871900,,
,,,nicola.rovea@aldebra.com,,
,GOLD Partner,Server Specialist - Gold,VIA CLERICI 10SESTO SAN GIORVANNI,+39 471244111,info@aldebra.com
ALDEBRA S.P.A.,,Services Specialist - Gold,"MILANO, MI 20099",,
,,Storage Specialist - Silver,+39 02 92871900,,
,,,nicola.rovea@aldebra.com,,
,GOLD Partner,Server Specialist - Gold,VIA CLERICI 10SESTO SAN GIORVANNI,+39 471244111,info@aldebra.com
ALDEBRA S.P.A.,,Services Specialist - Gold,"MILANO, MI 20099",,
,,Storage Specialist - Silver,+39 02 92871900,,
,,,nicola.rovea@aldebra.com,,
,GOLD Partner,Server Specialist - Gold,VIA VIGONOVESE 50/D,+39 471244111,info@aldebra.com
ALDEBRA S.P.A.,,Services Specialist - Gold,"PADOVA, PD 35127",,
,,Storage Specialist - Silver,+39 499814600,,
,,,info@mycroft.it,,
,GOLD Partner,Server Specialist - Gold,VIA VIGONOVESE 50/D,+39 471244111,info@aldebra.com
ALDEBRA S.P.A.,,Services Specialist - Gold,"PADOVA, PD 35127",,
,,Storage Specialist - Silver,+39 499814600,,
,,,info@mycroft.it,,
,GOLD Partner,Server Specialist - Gold,VIA VIGONOVESE 50/D,+39 471244111,info@aldebra.com
ALDEBRA S.P.A.,,Services Specialist - Gold,"PADOVA, PD 35127",,
,,Storage Specialist - Silver,+39 499814600,,
,,,info@mycroft.it,,
,GOLD Partner,Server Specialist - Gold,VIA VIGONOVESE 50/D,+39 471244111,info@aldebra.com
ALDEBRA S.P.A.,,Services Specialist - Gold,"PADOVA, PD 35127",,
,,Storage Specialist - Silver,+39 499814600,,
,,,info@mycroft.it,,
,GOLD Partner,Server Specialist - Gold,VIA DELLA MAGLIANELLA 65/E,+39 471244111,info@aldebra.com
ITALWARE SRL,,IT Management Specialist - Silver,"ROMA, 00166",,
,,Storage Specialist - Silver,00390 666411156,,
,,,info@italware.com,,
,GOLD Partner,Server Specialist - Gold,VIA DELLA MAGLIANELLA 65/E,+39 471244111,info@aldebra.com
ITALWARE SRL,,IT Management Specialist - Silver,"ROMA, 00166",,
,,Storage Specialist - Silver,00390 666411156,,
,,,info@italware.com,,
,GOLD Partner,Server Specialist - Gold,VIA DELLA MAGLIANELLA 65/E,+39 471244111,info@aldebra.com
ITALWARE SRL,,IT Management Specialist - Silver,"ROMA, 00166",,
,,Storage Specialist - Silver,00390 666411156,,
,,,info@italware.com,,
,GOLD Partner,Server Specialist - Gold,VIA DELLA MAGLIANELLA 65/E,+39 471244111,info@aldebra.com
ITALWARE SRL,,IT Management Specialist - Silver,"ROMA, 00166",,
,,Storage Specialist - Silver,00390 666411156,,
,,,info@italware.com,,
,GOLD Partner,Networking Specialist - Silver,VIA SARDI 14/B,+39 471244111,info@aldebra.com
INFOR SRL,,Server Specialist - Silver,"ALBERI (PARMA), PR 43124",,
,,Services Specialist - Silver,+390 521901111,,
,,Storage Specialist - Silver,info@gruppoinfor.it,,
,GOLD Partner,Networking Specialist - Silver,VIA SARDI 14/B,+39 471244111,info@aldebra.com
INFOR SRL,,Server Specialist - Silver,"ALBERI (PARMA), PR 43124",,
,,Services Specialist - Silver,+390 521901111,,
,,Storage Specialist - Silver,info@gruppoinfor.it,,
,GOLD Partner,Networking Specialist - Silver,VIA SARDI 14/B,+39 471244111,info@aldebra.com
INFOR SRL,,Server Specialist - Silver,"ALBERI (PARMA), PR 43124",,
,,Services Specialist - Silver,+390 521901111,,
,,Storage Specialist - Silver,info@gruppoinfor.it,,
,GOLD Partner,Networking Specialist - Silver,VIA SARDI 14/B,+39 471244111,info@aldebra.com
INFOR SRL,,Server Specialist - Silver,"ALBERI (PARMA), PR 43124",,
,,Services Specialist - Silver,+390 521901111,,
,,Storage Specialist - Silver,info@gruppoinfor.it,,
,SILVER Partner,Storage Media - Silver,VIA F.P. DA CHERSO 30,003906519931,info@cbt.it
HITACHI SYSTEMS CBT S.P.A,,Server Specialist - Silver,"ROMA, 00143",,
,,Services Specialist - Silver,003906519931,,
,,Storage Specialist - Silver,info@cbt.it,,
,SILVER Partner,Storage Media - Silver,VIA F.P. DA CHERSO 30,003906519931,info@cbt.it
HITACHI SYSTEMS CBT S.P.A,,Server Specialist - Silver,"ROMA, 00143",,
,,Services Specialist - Silver,003906519931,,
,,Storage Specialist - Silver,info@cbt.it,,
,SILVER Partner,Storage Media - Silver,VIA F.P. DA CHERSO 30,003906519931,info@cbt.it
HITACHI SYSTEMS CBT S.P.A,,Server Specialist - Silver,"ROMA, 00143",,
,,Services Specialist - Silver,003906519931,,
,,Storage Specialist - Silver,info@cbt.it,,
,SILVER Partner,Storage Media - Silver,VIA F.P. DA CHERSO 30,003906519931,info@cbt.it
HITACHI SYSTEMS CBT S.P.A,,Server Specialist - Silver,"ROMA, 00143",,
,,Services Specialist - Silver,003906519931,,
,,Storage Specialist - Silver,info@cbt.it,,
,SILVER Partner,Server Specialist - Silver,VIALE MAGNA GRECIA 215,003906519931,info@cbt.it
INFOTEL S.R.L.,,Services Specialist - Silver,"TARANTO, 74121",,
,,Storage Specialist - Silver,00390997303711,,
,,,toglia@isynet.it,,
,SILVER Partner,Server Specialist - Silver,VIALE MAGNA GRECIA 215,003906519931,info@cbt.it
INFOTEL S.R.L.,,Services Specialist - Silver,"TARANTO, 74121",,
,,Storage Specialist - Silver,00390997303711,,
,,,toglia@isynet.it,,
,SILVER Partner,Server Specialist - Silver,VIALE MAGNA GRECIA 215,003906519931,info@cbt.it
INFOTEL S.R.L.,,Services Specialist - Silver,"TARANTO, 74121",,
,,Storage Specialist - Silver,00390997303711,,
,,,toglia@isynet.it,,
,SILVER Partner,Server Specialist - Silver,VIALE MAGNA GRECIA 215,003906519931,info@cbt.it
INFOTEL S.R.L.,,Services Specialist - Silver,"TARANTO, 74121",,
,,Storage Specialist - Silver,00390997303711,,
,,,toglia@isynet.it,,
,SILVER Partner,Server Specialist - Silver,VIA SENESE 195 T,003906519931,info@cbt.it
MIPS INFORMATICA SPA,,Services Specialist - Silver,"FIRENZE, FI 50124",,
,,Storage Specialist - Silver,+39 552321671,,
,,,info@mips-informatica.com,,
,SILVER Partner,Server Specialist - Silver,VIA SENESE 195 T,003906519931,info@cbt.it
MIPS INFORMATICA SPA,,Services Specialist - Silver,"FIRENZE, FI 50124",,
,,Storage Specialist - Silver,+39 552321671,,
,,,info@mips-informatica.com,,
,SILVER Partner,Server Specialist - Silver,VIA SENESE 195 T,003906519931,info@cbt.it
MIPS INFORMATICA SPA,,Services Specialist - Silver,"FIRENZE, FI 50124",,
,,Storage Specialist - Silver,+39 552321671,,
,,,info@mips-informatica.com,,
,SILVER Partner,Server Specialist - Silver,VIA SENESE 195 T,003906519931,info@cbt.it
MIPS INFORMATICA SPA,,Services Specialist - Silver,"FIRENZE, FI 50124",,
,,Storage Specialist - Silver,+39 552321671,,
,,,info@mips-informatica.com,,
,SILVER Partner,Server Specialist - Silver,REGIONE BORGNALLE 12,003906519931,info@cbt.it
CORE INFORMATICA SRL,,Services Specialist - Silver,"AOSTA, 11100",,
,,Storage Specialist - Silver,+39 0165 231543,,
,,,commerciale@coreinformatica.it,,
,SILVER Partner,Server Specialist - Silver,REGIONE BORGNALLE 12,003906519931,info@cbt.it
CORE INFORMATICA SRL,,Services Specialist - Silver,"AOSTA, 11100",,
,,Storage Specialist - Silver,+39 0165 231543,,
,,,commerciale@coreinformatica.it,,
,SILVER Partner,Server Specialist - Silver,REGIONE BORGNALLE 12,003906519931,info@cbt.it
CORE INFORMATICA SRL,,Services Specialist - Silver,"AOSTA, 11100",,
,,Storage Specialist - Silver,+39 0165 231543,,
,,,commerciale@coreinformatica.it,,
,SILVER Partner,Server Specialist - Silver,REGIONE BORGNALLE 12,003906519931,info@cbt.it
CORE INFORMATICA SRL,,Services Specialist - Silver,"AOSTA, 11100",,
,,Storage Specialist - Silver,+39 0165 231543,,
,,,commerciale@coreinformatica.it,,
,SILVER Partner,Server Specialist - Silver,"VLE DIAZ, 160",003906519931,info@cbt.it
G.F.I. SPA,,Services Specialist - Silver,"MONTEVARCHI, AR 52025",,
,,Storage Specialist - Silver,+39 055 9199990,,
,,,info@smaugfi.it,,
,SILVER Partner,Server Specialist - Silver,"VLE DIAZ, 160",003906519931,info@cbt.it
G.F.I. SPA,,Services Specialist - Silver,"MONTEVARCHI, AR 52025",,
,,Storage Specialist - Silver,+39 055 9199990,,
,,,info@smaugfi.it,,
,SILVER Partner,Server Specialist - Silver,"VLE DIAZ, 160",003906519931,info@cbt.it
G.F.I. SPA,,Services Specialist - Silver,"MONTEVARCHI, AR 52025",,
,,Storage Specialist - Silver,+39 055 9199990,,
,,,info@smaugfi.it,,
,SILVER Partner,Server Specialist - Silver,"VLE DIAZ, 160",003906519931,info@cbt.it
G.F.I. SPA,,Services Specialist - Silver,"MONTEVARCHI, AR 52025",,
,,Storage Specialist - Silver,+39 055 9199990,,
,,,info@smaugfi.it,,
,SILVER Partner,Server Specialist - Silver,VIA ADRIANO OLIVETTI 24,003906432691,Sales@comedata.it
COMEDATA SRL,,Services Specialist - Silver,"ROMA, 00133",,
,,Storage Specialist - Silver,003906432691,,
,,,Sales@comedata.it,,
,SILVER Partner,Server Specialist - Silver,VIA ADRIANO OLIVETTI 24,003906432691,Sales@comedata.it
COMEDATA SRL,,Services Specialist - Silver,"ROMA, 00133",,
,,Storage Specialist - Silver,003906432691,,
,,,Sales@comedata.it,,
,SILVER Partner,Server Specialist - Silver,VIA ADRIANO OLIVETTI 24,003906432691,Sales@comedata.it
COMEDATA SRL,,Services Specialist - Silver,"ROMA, 00133",,
,,Storage Specialist - Silver,003906432691,,
,,,Sales@comedata.it,,
,SILVER Partner,Server Specialist - Silver,VIA ADRIANO OLIVETTI 24,003906432691,Sales@comedata.it
COMEDATA SRL,,Services Specialist - Silver,"ROMA, 00133",,
,,Storage Specialist - Silver,003906432691,,
,,,Sales@comedata.it,,
,SILVER Partner,Server Specialist - Silver,VIALE DELLA REPUBBLICA 2,003906432691,Sales@comedata.it
NUMERO 10 S.P.A,,Services Specialist - Silver,"CORNAREDO, 20010",,
,,Storage Specialist - Silver,00390 2936161,,
,,,carmelo.cozzi@numero10.it,,
,SILVER Partner,Server Specialist - Silver,VIALE DELLA REPUBBLICA 2,003906432691,Sales@comedata.it
NUMERO 10 S.P.A,,Services Specialist - Silver,"CORNAREDO, 20010",,
,,Storage Specialist - Silver,00390 2936161,,
,,,carmelo.cozzi@numero10.it,,
,SILVER Partner,Server Specialist - Silver,VIALE DELLA REPUBBLICA 2,003906432691,Sales@comedata.it
NUMERO 10 S.P.A,,Services Specialist - Silver,"CORNAREDO, 20010",,
,,Storage Specialist - Silver,00390 2936161,,
,,,carmelo.cozzi@numero10.it,,
,SILVER Partner,Server Specialist - Silver,VIALE DELLA REPUBBLICA 2,003906432691,Sales@comedata.it
NUMERO 10 S.P.A,,Services Specialist - Silver,"CORNAREDO, 20010",,
,,Storage Specialist - Silver,00390 2936161,,
,,,carmelo.cozzi@numero10.it,,
,SILVER Partner,Server Specialist - Silver,VIA EINAUDI 23,003906432691,Sales@comedata.it
INFONET S.R.L.,,Services Specialist - Silver,"CURTAROLO, 35010",,
,,Storage Specialist - Silver,00390499620572,,
,,,cs@infonetsolutions.it,,
,SILVER Partner,Server Specialist - Silver,VIA EINAUDI 23,003906432691,Sales@comedata.it
INFONET S.R.L.,,Services Specialist - Silver,"CURTAROLO, 35010",,
,,Storage Specialist - Silver,00390499620572,,
,,,cs@infonetsolutions.it,,
,SILVER Partner,Server Specialist - Silver,VIA EINAUDI 23,003906432691,Sales@comedata.it
INFONET S.R.L.,,Services Specialist - Silver,"CURTAROLO, 35010",,
,,Storage Specialist - Silver,00390499620572,,
,,,cs@infonetsolutions.it,,
,SILVER Partner,Server Specialist - Silver,VIA EINAUDI 23,003906432691,Sales@comedata.it
INFONET S.R.L.,,Services Specialist - Silver,"CURTAROLO, 35010",,
,,Storage Specialist - Silver,00390499620572,,
,,,cs@infonetsolutions.it,,
,SILVER Partner,Server Specialist - Silver,VIA MARSALA 35,003906432691,Sales@comedata.it
ALL SOLUTIONS SRL,,Services Specialist - Silver,"BUSTO ARSIZIO, 21052",,
,,Storage Specialist - Silver,00390 239267894,,
,,,info@allsolutions.it,,
,SILVER Partner,Server Specialist - Silver,VIA MARSALA 35,003906432691,Sales@comedata.it
ALL SOLUTIONS SRL,,Services Specialist - Silver,"BUSTO ARSIZIO, 21052",,
,,Storage Specialist - Silver,00390 239267894,,
,,,info@allsolutions.it,,
,SILVER Partner,Server Specialist - Silver,VIALE CARLO FORLANINI 38,003906432691,Sales@comedata.it
SBI SRL,,Storage Specialist - Silver,"GARBAGNATE MILANESE, 20024",,
,,,00390299444251,,
,,,info@sbiitalia.com,,
,SILVER Partner,Server Specialist - Silver,VIALE CARLO FORLANINI 38,003906432691,Sales@comedata.it
SBI SRL,,Storage Specialist - Silver,"GARBAGNATE MILANESE, 20024",,
,,,00390299444251,,
,,,info@sbiitalia.com,,
,SILVER Partner,Server Specialist - Silver,VIALE CARLO FORLANINI 38,003906432691,Sales@comedata.it
SBI SRL,,Storage Specialist - Silver,"GARBAGNATE MILANESE, 20024",,
,,,00390299444251,,
,,,info@sbiitalia.com,,
,SILVER Partner,Server Specialist - Silver,VIALE CARLO FORLANINI 38,003906432691,Sales@comedata.it
SBI SRL,,Storage Specialist - Silver,"GARBAGNATE MILANESE, 20024",,
,,,00390299444251,,
,,,info@sbiitalia.com,,
,SILVER Partner,Services Specialist - Silver,VIA CASSANESE 90,003906432691,Sales@comedata.it
SINERGY SPA,,Storage Specialist - Silver,"SEGRATE, 20090",,
,,,0039022169561,,
,,,sinergy@sinergy.it,,
,SILVER Partner,Services Specialist - Silver,VIA CASSANESE 90,003906432691,Sales@comedata.it
SINERGY SPA,,Storage Specialist - Silver,"SEGRATE, 20090",,
,,,0039022169561,,
,,,sinergy@sinergy.it,,
,SILVER Partner,Services Specialist - Silver,VIA CASSANESE 90,0039022169561,sinergy@sinergy.it
SINERGY SPA,,Storage Specialist - Silver,"SEGRATE, 20090",,
,,,0039022169561,,
,,,sinergy@sinergy.it,,
,SILVER Partner,Services Specialist - Silver,VIA CASSANESE 90,0039022169561,sinergy@sinergy.it
SINERGY SPA,,Storage Specialist - Silver,"SEGRATE, 20090",,
,,,0039022169561,,
,,,sinergy@sinergy.it,,
,SILVER Partner,Server Specialist - Silver,VIA ISAAC NEWTON 21,0039022169561,sinergy@sinergy.it
Eurosystem Spa,,Storage Specialist - Silver,"VILLORBA, 31020",,
,,,00390 422628711,,
,,,info@sistemarca.it,,
,SILVER Partner,Server Specialist - Silver,VIA ISAAC NEWTON 21,0039022169561,sinergy@sinergy.it
Eurosystem Spa,,Storage Specialist - Silver,"VILLORBA, 31020",,
,,,00390 422628711,,
,,,info@sistemarca.it,,
,SILVER Partner,Server Specialist - Silver,VIA ISAAC NEWTON 21,0039022169561,sinergy@sinergy.it
Eurosystem Spa,,Storage Specialist - Silver,"VILLORBA, 31020",,
,,,00390 422628711,,
,,,info@sistemarca.it,,
,SILVER Partner,Server Specialist - Silver,VIA ISAAC NEWTON 21,0039022169561,sinergy@sinergy.it
Eurosystem Spa,,Storage Specialist - Silver,"VILLORBA, 31020",,
,,,00390 422628711,,
,,,info@sistemarca.it,,
,SILVER Partner,Server Specialist - Silver,VIA PIERO FERRARONI,0039022169561,sinergy@sinergy.it
C2 SRL,,Storage Specialist - Silver,"CREMONA, 26100",,
,,,00390 372451255,,
,,,ghidini@c2group.it,,
,SILVER Partner,Server Specialist - Silver,VIA PIERO FERRARONI,0039022169561,sinergy@sinergy.it
C2 SRL,,Storage Specialist - Silver,"CREMONA, 26100",,
,,,00390 372451255,,
,,,ghidini@c2group.it,,
,SILVER Partner,Server Specialist - Silver,VIA PIERO FERRARONI,0039022169561,sinergy@sinergy.it
C2 SRL,,Storage Specialist - Silver,"CREMONA, 26100",,
,,,00390 372451255,,
,,,ghidini@c2group.it,,
,SILVER Partner,Server Specialist - Silver,VIA PIERO FERRARONI,0039022169561,sinergy@sinergy.it
C2 SRL,,Storage Specialist - Silver,"CREMONA, 26100",,
,,,00390 372451255,,
,,,ghidini@c2group.it,,
